"","Mean","Median","Mode","ESS","HDImass","HDIlow","HDIhigh","CompVal","PcntGtCompVal","ROPElow","ROPEhigh","PcntLtROPE","PcntInROPE","PcntGtROPE"
"CHAIN",1.5,1.5,1.00018242955644,1.5,0.95,1,2,NA,NA,NA,NA,NA,NA,NA
"beta0",0.938654336,0.9308595,0.92642499237256,23.5,0.95,0.707626,1.16705,0,100,NA,NA,NA,NA,NA
"beta[1]",0.00053928596724,0.000472565,-0.000463248658513002,446.9,0.95,-0.00758,0.00980066,0,53.2,NA,NA,NA,NA,NA
"beta[2]",0.005580758146,0.005553735,0.00538390718704485,500,0.95,0.00293837,0.00866649,0,100,NA,NA,NA,NA,NA
"beta[3]",-0.06252338618,-0.06254025,-0.0579578049969859,500,0.95,-0.0935426,-0.0348387,0,0,NA,NA,NA,NA,NA
"beta[4]",0.03021234254,0.0302701,0.0305750307380066,343.9,0.95,0.0132983,0.0456923,0,100,NA,NA,NA,NA,NA
"beta[5]",0.0259044284,0.0257702,0.0267560124228708,500,0.95,0.0173994,0.0356829,0,100,NA,NA,NA,NA,NA
"beta[6]",0.10731702798,0.1080995,0.0862001196898793,104.9,0.95,0.0268051,0.194414,0,99,NA,NA,NA,NA,NA
"beta[7]",1.1653397246,1.117385,0.928904007026768,7.1,0.95,0.374179,2.03074,0,100,NA,NA,NA,NA,NA
"beta[8]",0.001409674655,0.00128173,0.0011874792793282,500,0.95,-0.0105895,0.0153769,0,59.2,NA,NA,NA,NA,NA
"beta[9]",0.018049674218,0.01814505,0.0119296487507747,272.5,0.95,0.000228069,0.0367158,0,97.8,NA,NA,NA,NA,NA
"beta[10]",0.01426705148,0.01460855,0.015072443199967,500,0.95,0.00760698,0.0216685,0,100,NA,NA,NA,NA,NA
"beta[11]",0.114202342,0.113885,0.11251114685534,500,0.95,0.106665,0.122327,0,100,NA,NA,NA,NA,NA
"beta[12]",-0.060671140766,-0.04647425,0.0085117271382229,8.8,0.95,-0.424465,0.273708,0,40.6,NA,NA,NA,NA,NA
"beta[13]",0.0162887456,0.0162267,0.0160520801149077,500,0.95,0.0144716,0.0181157,0,100,NA,NA,NA,NA,NA
"beta[14]",0.024651922317,0.0237121,0.0213990528661805,500,0.95,-2.92355e-05,0.0467924,0,98.2,NA,NA,NA,NA,NA
"beta[15]",0.052162029546,0.0723952,0.19427403486252,8.5,0.95,-0.438668,0.491428,0,59.2,NA,NA,NA,NA,NA
"beta[16]",0.088117613,0.08716855,0.0850703380187033,500,0.95,0.0510019,0.126517,0,100,NA,NA,NA,NA,NA
"beta[17]",0.0094540399594,0.009450395,0.00933896142037189,398.8,0.95,0.000275859,0.0181743,0,98,NA,NA,NA,NA,NA
"beta[18]",0.0764352674,0.0769616,0.0785207848168712,238.3,0.95,0.0545131,0.0985481,0,100,NA,NA,NA,NA,NA
"beta[19]",0.008255213386,0.008213765,0.00642391391292779,500,0.95,-0.0115829,0.0258134,0,79.6,NA,NA,NA,NA,NA
"beta[20]",0.0522648452,0.05197,0.0511825098401057,500,0.95,0.0296304,0.0719755,0,100,NA,NA,NA,NA,NA
"beta[21]",-0.020284544449,-0.02080245,-0.0367617238550177,96.7,0.95,-0.151714,0.118405,0,39,NA,NA,NA,NA,NA
"beta[22]",-0.443381091,-0.429649,-0.419661300259277,27.8,0.95,-0.719869,-0.151782,NA,NA,NA,NA,NA,NA,NA
"pred[1]",0.219279142,0.219214,0.22466158969632,136.2,0.95,0.136614,0.296033,NA,NA,NA,NA,NA,NA,NA
"pred[2]",1.37286374,1.373,1.36724908671188,127.9,0.95,1.30061,1.43556,NA,NA,NA,NA,NA,NA,NA
"pred[3]",1.95091594,1.94819,1.93701751849677,116.4,0.95,1.85755,2.04306,NA,NA,NA,NA,NA,NA,NA
"pred[4]",2.0170581,2.016425,2.01818437153685,500,0.95,1.92753,2.10844,NA,NA,NA,NA,NA,NA,NA
"pred[5]",0.520954236,0.5219525,0.523050863904809,345.9,0.95,0.471489,0.576938,NA,NA,NA,NA,NA,NA,NA
"pred[6]",1.93395336,1.93187,1.92921431555348,500,0.95,1.8576,2.01716,NA,NA,NA,NA,NA,NA,NA
"pred[7]",0.494961912,0.4963575,0.498143277433423,500,0.95,0.407344,0.569526,NA,NA,NA,NA,NA,NA,NA
"pred[8]",2.53015428,2.52925,2.5237075218655,500,0.95,2.45923,2.60588,NA,NA,NA,NA,NA,NA,NA
"pred[9]",0.429402144,0.4264855,0.416450056348162,176.5,0.95,0.370908,0.491457,NA,NA,NA,NA,NA,NA,NA
"pred[10]",1.4283581,1.426615,1.42186130409504,265.3,0.95,1.35797,1.50385,NA,NA,NA,NA,NA,NA,NA
"pred[11]",2.04670436,2.046165,2.04414849814365,114.8,0.95,1.94395,2.15273,NA,NA,NA,NA,NA,NA,NA
"pred[12]",2.32027088,2.319685,2.32069148672485,500,0.95,2.23365,2.39889,NA,NA,NA,NA,NA,NA,NA
"pred[13]",0.235036222,0.2348725,0.239751028055079,500,0.95,0.174148,0.302079,NA,NA,NA,NA,NA,NA,NA
"pred[14]",2.22798148,2.22643,2.21850376704191,500,0.95,2.1458,2.32245,NA,NA,NA,NA,NA,NA,NA
"pred[15]",1.21876998,1.21846,1.21477560253921,411.4,0.95,1.14702,1.30664,NA,NA,NA,NA,NA,NA,NA
"pred[16]",3.64412706,3.643295,3.62853538051269,142.4,0.95,3.52933,3.76732,NA,NA,NA,NA,NA,NA,NA
"pred[17]",0.214648252,0.214622,0.21345998619441,219.7,0.95,0.15161,0.267349,NA,NA,NA,NA,NA,NA,NA
"pred[18]",2.61436972,2.61729,2.62703626910268,500,0.95,2.51845,2.71084,NA,NA,NA,NA,NA,NA,NA
"pred[19]",2.21282024,2.212995,2.20455374041506,336.7,0.95,2.11484,2.31531,NA,NA,NA,NA,NA,NA,NA
"pred[20]",2.63702806,2.635615,2.63060608731485,500,0.95,2.54976,2.74624,NA,NA,NA,NA,NA,NA,NA
"pred[21]",0.48737199,0.4876545,0.489624266577112,20.2,0.95,0.428037,0.538707,NA,NA,NA,NA,NA,NA,NA
"pred[22]",1.91685232,1.9216,1.92682756683288,12.9,0.95,1.78757,2.06392,NA,NA,NA,NA,NA,NA,NA
"pred[23]",2.14085948,2.140455,2.13486618540305,599.7,0.95,2.0244,2.26126,NA,NA,NA,NA,NA,NA,NA
"pred[24]",2.69427826,2.694,2.67093960847467,147.5,0.95,2.53917,2.85577,NA,NA,NA,NA,NA,NA,NA
"pred[25]",0.855948468,0.858468,0.862364787263968,132.6,0.95,0.75983,0.950032,NA,NA,NA,NA,NA,NA,NA
"pred[26]",2.06891108,2.070885,2.07356334288827,399.3,0.95,1.9998,2.1434,NA,NA,NA,NA,NA,NA,NA
"pred[27]",1.48740404,1.487405,1.48890795886844,115.6,0.95,1.42586,1.55766,NA,NA,NA,NA,NA,NA,NA
"pred[28]",1.58193578,1.581855,1.57764389127363,89.7,0.95,1.50072,1.65207,NA,NA,NA,NA,NA,NA,NA
"pred[29]",1.64204088,1.63983,1.63329548541161,147.4,0.95,1.54094,1.76185,NA,NA,NA,NA,NA,NA,NA
"pred[30]",0.0117464301066,0.01290025,0.018393282933647,41.4,0.95,-0.0750656,0.0942999,NA,NA,NA,NA,NA,NA,NA
"pred[31]",3.2674053,3.270095,3.27897943812198,500,0.95,3.09669,3.42457,NA,NA,NA,NA,NA,NA,NA
"pred[32]",1.41080172,1.411145,1.41780777230776,293.4,0.95,1.35027,1.47115,NA,NA,NA,NA,NA,NA,NA
"pred[33]",0.676845986,0.678339,0.684686601331733,362.1,0.95,0.61583,0.73533,NA,NA,NA,NA,NA,NA,NA
"pred[34]",1.55268902,1.55379,1.55731670273142,73.8,0.95,1.46189,1.63629,NA,NA,NA,NA,NA,NA,NA
"pred[35]",1.49989934,1.498135,1.49644470525927,634.6,0.95,1.42342,1.58665,NA,NA,NA,NA,NA,NA,NA
"pred[36]",2.50299854,2.501735,2.49623895474962,436.7,0.95,2.37843,2.62054,NA,NA,NA,NA,NA,NA,NA
"pred[37]",0.08735901526,0.0878281,0.0842243489469503,318.7,0.95,0.00802533,0.170801,NA,NA,NA,NA,NA,NA,NA
"pred[38]",1.7004692,1.69991,1.69885618216147,48.4,0.95,1.60679,1.79761,NA,NA,NA,NA,NA,NA,NA
"pred[39]",1.83109422,1.83189,1.83470085879308,407.2,0.95,1.74849,1.91081,NA,NA,NA,NA,NA,NA,NA
"pred[40]",2.69992792,2.69827,2.68637863055452,276.5,0.95,2.60314,2.79894,NA,NA,NA,NA,NA,NA,NA
"pred[41]",0.553459222,0.5539275,0.563669281344277,247.6,0.95,0.472555,0.644094,NA,NA,NA,NA,NA,NA,NA
"pred[42]",1.56358438,1.56229,1.55498532693988,500,0.95,1.47644,1.62776,NA,NA,NA,NA,NA,NA,NA
"pred[43]",1.84280438,1.845015,1.85213936939317,190,0.95,1.76637,1.91467,NA,NA,NA,NA,NA,NA,NA
"pred[44]",2.51679256,2.5161,2.51583184012473,500,0.95,2.42272,2.62613,NA,NA,NA,NA,NA,NA,NA
"pred[45]",-0.052516894232,-0.0521795,-0.050503082342066,500,0.95,-0.109198,0.000459896,NA,NA,NA,NA,NA,NA,NA
"pred[46]",1.40558548,1.406265,1.41537493522299,222.7,0.95,1.31121,1.50921,NA,NA,NA,NA,NA,NA,NA
"pred[47]",1.5761065,1.573535,1.56498279118858,500,0.95,1.50894,1.64946,NA,NA,NA,NA,NA,NA,NA
"pred[48]",2.03814522,2.03936,2.0434504108386,77.3,0.95,1.94618,2.12929,NA,NA,NA,NA,NA,NA,NA
"pred[49]",-0.09774819179,-0.0970305,-0.0955221589268563,335.4,0.95,-0.176578,-0.0302255,NA,NA,NA,NA,NA,NA,NA
"pred[50]",1.40258222,1.40164,1.39018548133704,313.7,0.95,1.34984,1.46626,NA,NA,NA,NA,NA,NA,NA
"pred[51]",1.7221433,1.722225,1.7148748353191,199.3,0.95,1.6515,1.79099,NA,NA,NA,NA,NA,NA,NA
"pred[52]",2.23103016,2.232605,2.2404628664102,339.4,0.95,2.14223,2.31744,NA,NA,NA,NA,NA,NA,NA
"pred[53]",-0.22462936,-0.2240295,-0.221513183793428,384,0.95,-0.293241,-0.162317,NA,NA,NA,NA,NA,NA,NA
"pred[54]",0.8974411,0.8978135,0.901186312789298,375.1,0.95,0.814365,0.976183,NA,NA,NA,NA,NA,NA,NA
"pred[55]",1.75407302,1.753135,1.75086429077914,154.6,0.95,1.68134,1.84622,NA,NA,NA,NA,NA,NA,NA
"pred[56]",1.5679363,1.57164,1.57066012837835,164.8,0.95,1.47431,1.66875,NA,NA,NA,NA,NA,NA,NA
"pred[57]",0.065034052722,0.0661311,0.0684710157061114,98.2,0.95,-0.00538552,0.135652,NA,NA,NA,NA,NA,NA,NA
"pred[58]",1.74359962,1.74345,1.75731803888938,14.7,0.95,1.63151,1.8611,NA,NA,NA,NA,NA,NA,NA
"pred[59]",2.06692488,2.07016,2.07932210885137,80,0.95,1.9484,2.16194,NA,NA,NA,NA,NA,NA,NA
"pred[60]",2.00421006,2.00948,2.02252100009476,30.8,0.95,1.90162,2.10046,NA,NA,NA,NA,NA,NA,NA
"pred[61]",0.754744394,0.7553355,0.756407932847357,384.3,0.95,0.70969,0.809661,NA,NA,NA,NA,NA,NA,NA
"pred[62]",2.05702732,2.057025,2.04897398696956,87.5,0.95,1.98766,2.1174,NA,NA,NA,NA,NA,NA,NA
"pred[63]",1.31712862,1.316125,1.31529729120294,223,0.95,1.2318,1.39969,NA,NA,NA,NA,NA,NA,NA
"pred[64]",1.5789952,1.577075,1.57074787456702,167,0.95,1.50402,1.65655,NA,NA,NA,NA,NA,NA,NA
"pred[65]",0.70215643,0.7020655,0.709475662047114,57.5,0.95,0.634798,0.7698,NA,NA,NA,NA,NA,NA,NA
"pred[66]",1.70971176,1.707725,1.68765659287755,26.6,0.95,1.61585,1.82105,NA,NA,NA,NA,NA,NA,NA
"pred[67]",1.51659242,1.512635,1.5011545231723,34.4,0.95,1.41416,1.64509,NA,NA,NA,NA,NA,NA,NA
"pred[68]",1.79559036,1.794445,1.78874013409508,100.1,0.95,1.71819,1.86882,NA,NA,NA,NA,NA,NA,NA
"pred[69]",0.561126166,0.5634195,0.572658921520469,203.9,0.95,0.474761,0.650544,NA,NA,NA,NA,NA,NA,NA
"pred[70]",1.7072401,1.70722,1.71276288537526,51.8,0.95,1.59495,1.81404,NA,NA,NA,NA,NA,NA,NA
"pred[71]",1.08691638,1.08698,1.09075368004684,291.6,0.95,1.01914,1.1545,NA,NA,NA,NA,NA,NA,NA
"pred[72]",2.04446072,2.04676,2.04786863633331,377.1,0.95,1.93858,2.13643,NA,NA,NA,NA,NA,NA,NA
"pred[73]",0.319829724,0.3196695,0.314188995741521,420.9,0.95,0.252602,0.376084,NA,NA,NA,NA,NA,NA,NA
"pred[74]",2.17011542,2.169965,2.1687680242427,500,0.95,2.06047,2.27376,NA,NA,NA,NA,NA,NA,NA
"pred[75]",0.66143864,0.6601635,0.659167810096416,500,0.95,0.581965,0.737935,NA,NA,NA,NA,NA,NA,NA
"pred[76]",1.8148163,1.81754,1.82880055982476,11.7,0.95,1.70229,1.91544,NA,NA,NA,NA,NA,NA,NA
"pred[77]",0.588035914,0.5885515,0.598055528158259,47.9,0.95,0.518465,0.663249,NA,NA,NA,NA,NA,NA,NA
"pred[78]",2.14069762,2.13996,2.13866005228979,500,0.95,2.07713,2.22094,NA,NA,NA,NA,NA,NA,NA
"pred[79]",2.20338836,2.204095,2.20979957106627,117,0.95,2.12196,2.28779,NA,NA,NA,NA,NA,NA,NA
"pred[80]",1.94210914,1.94549,1.95916568367656,405.8,0.95,1.79587,2.08964,NA,NA,NA,NA,NA,NA,NA
"pred[81]",0.526000164,0.527142,0.52720275346301,84.4,0.95,0.439156,0.5996,NA,NA,NA,NA,NA,NA,NA
"pred[82]",2.554641,2.551915,2.58098547246608,36.8,0.95,2.43605,2.67026,NA,NA,NA,NA,NA,NA,NA
"pred[83]",2.51247354,2.5098,2.50214655900336,242.2,0.95,2.44042,2.58847,NA,NA,NA,NA,NA,NA,NA
"pred[84]",2.08913306,2.089205,2.095888269434,391.1,0.95,1.99978,2.19645,NA,NA,NA,NA,NA,NA,NA
"pred[85]",0.32104186,0.320609,0.318318879729714,79.9,0.95,0.249213,0.397903,NA,NA,NA,NA,NA,NA,NA
"pred[86]",1.83479762,1.834225,1.82633690844969,264.8,0.95,1.75596,1.92267,NA,NA,NA,NA,NA,NA,NA
"pred[87]",1.90886528,1.91088,1.91653762944089,65.3,0.95,1.78971,2.04323,NA,NA,NA,NA,NA,NA,NA
"pred[88]",1.87930804,1.87968,1.87888714768887,58.4,0.95,1.7786,1.98854,NA,NA,NA,NA,NA,NA,NA
"pred[89]",0.0020352482144,0.003557035,0.0139278782713099,500,0.95,-0.0544438,0.0603094,NA,NA,NA,NA,NA,NA,NA
"pred[90]",1.91202028,1.911405,1.8999548535813,226.7,0.95,1.79949,2.03174,NA,NA,NA,NA,NA,NA,NA
"pred[91]",2.34134708,2.343995,2.35254403995751,111.2,0.95,2.26281,2.4162,NA,NA,NA,NA,NA,NA,NA
"pred[92]",2.73239366,2.732055,2.72586422359934,500,0.95,2.63376,2.82023,NA,NA,NA,NA,NA,NA,NA
"pred[93]",0.45442465,0.4537835,0.448184141278832,149.1,0.95,0.39357,0.528445,NA,NA,NA,NA,NA,NA,NA
"pred[94]",1.76761778,1.764325,1.75871337559969,32.1,0.95,1.66288,1.87655,NA,NA,NA,NA,NA,NA,NA
"pred[95]",1.70073378,1.699595,1.68897582818281,18.2,0.95,1.54222,1.83719,NA,NA,NA,NA,NA,NA,NA
"pred[96]",2.4383353,2.438005,2.44056889795035,412.2,0.95,2.3521,2.52441,NA,NA,NA,NA,NA,NA,NA
"pred[97]",-0.079982090064,-0.0842094,-0.0949315516901356,32.2,0.95,-0.189364,0.0340227,NA,NA,NA,NA,NA,NA,NA
"pred[98]",1.4678517,1.46671,1.45517049829715,500,0.95,1.3749,1.54875,NA,NA,NA,NA,NA,NA,NA
"pred[99]",1.09856774,1.09821,1.09811946181054,331.7,0.95,1.03014,1.17377,NA,NA,NA,NA,NA,NA,NA
"pred[100]",2.14016694,2.139275,2.1367635571774,143.7,0.95,2.01731,2.26,NA,NA,NA,NA,NA,NA,NA
"pred[101]",0.297364154,0.2991245,0.302803536010915,76.5,0.95,0.226444,0.357567,NA,NA,NA,NA,NA,NA,NA
"pred[102]",2.485781,2.488785,2.48956830334481,23,0.95,2.36992,2.58355,NA,NA,NA,NA,NA,NA,NA
"pred[103]",2.37281726,2.36874,2.34804323769002,18.3,0.95,2.23238,2.54514,NA,NA,NA,NA,NA,NA,NA
"pred[104]",1.42285764,1.426755,1.44855210177839,14.2,0.95,1.25372,1.55009,NA,NA,NA,NA,NA,NA,NA
"pred[105]",0.315955272,0.3183785,0.324989236269972,500,0.95,0.258872,0.378766,NA,NA,NA,NA,NA,NA,NA
"pred[106]",1.32847626,1.32781,1.32031829294772,435.8,0.95,1.25181,1.41698,NA,NA,NA,NA,NA,NA,NA
"pred[107]",1.6884601,1.690515,1.69203664432189,367.2,0.95,1.60898,1.77612,NA,NA,NA,NA,NA,NA,NA
"pred[108]",2.20824702,2.2091,2.21615042321376,410.8,0.95,2.12082,2.30969,NA,NA,NA,NA,NA,NA,NA
"pred[109]",0.08491954634,0.0810772,0.0763327230006358,96.9,0.95,0.0235348,0.14985,NA,NA,NA,NA,NA,NA,NA
"pred[110]",1.7284403,1.725455,1.71752919240755,13.2,0.95,1.63274,1.83161,NA,NA,NA,NA,NA,NA,NA
"pred[111]",2.15647284,2.155635,2.15850784192381,214.8,0.95,2.04765,2.27075,NA,NA,NA,NA,NA,NA,NA
"pred[112]",2.21320074,2.21414,2.21226043163579,175.9,0.95,2.13477,2.29565,NA,NA,NA,NA,NA,NA,NA
"pred[113]",-0.054669635912,-0.05614795,-0.0616673082905265,102.4,0.95,-0.151239,0.0179788,NA,NA,NA,NA,NA,NA,NA
"pred[114]",2.39505138,2.39337,2.39010208585332,168.7,0.95,2.32,2.4637,NA,NA,NA,NA,NA,NA,NA
"pred[115]",2.14267662,2.14513,2.15852174404758,423.1,0.95,2.05664,2.21154,NA,NA,NA,NA,NA,NA,NA
"pred[116]",1.56666668,1.568035,1.57218005340745,500,0.95,1.52246,1.60988,NA,NA,NA,NA,NA,NA,NA
"pred[117]",-0.392219844,-0.3950625,-0.398292567731338,321.7,0.95,-0.481891,-0.309475,NA,NA,NA,NA,NA,NA,NA
"pred[118]",2.70138354,2.70266,2.71810613522365,9.9,0.95,2.52638,2.86703,NA,NA,NA,NA,NA,NA,NA
"pred[119]",1.90101764,1.899295,1.89338735816123,268.1,0.95,1.83286,1.97444,NA,NA,NA,NA,NA,NA,NA
"pred[120]",2.56994308,2.56538,2.56341783608176,234.7,0.95,2.458,2.69186,NA,NA,NA,NA,NA,NA,NA
"pred[121]",-0.512190138,-0.5128335,-0.521895837707451,68.8,0.95,-0.59984,-0.421811,NA,NA,NA,NA,NA,NA,NA
"pred[122]",3.23747298,3.239135,3.24913586980211,500,0.95,3.13575,3.34913,NA,NA,NA,NA,NA,NA,NA
"pred[123]",1.52201718,1.519955,1.51389730077891,547.8,0.95,1.44844,1.60462,NA,NA,NA,NA,NA,NA,NA
"pred[124]",1.86406466,1.86301,1.86017967242433,188.9,0.95,1.78755,1.92899,NA,NA,NA,NA,NA,NA,NA
"pred[125]",0.426045656,0.426875,0.433541792500381,43.1,0.95,0.358575,0.503499,NA,NA,NA,NA,NA,NA,NA
"pred[126]",0.974758506,0.988498,1.01358408768674,7.4,0.95,0.716672,1.21549,NA,NA,NA,NA,NA,NA,NA
"pred[127]",1.96757108,1.967005,1.96226879252782,23.3,0.95,1.8355,2.09102,NA,NA,NA,NA,NA,NA,NA
"pred[128]",2.15362186,2.155475,2.15721104623515,28.8,0.95,2.05116,2.23585,NA,NA,NA,NA,NA,NA,NA
"pred[129]",0.608795206,0.608017,0.606628185352413,219.5,0.95,0.558447,0.658634,NA,NA,NA,NA,NA,NA,NA
"pred[130]",1.86097984,1.86078,1.85898815776085,136.5,0.95,1.76978,1.94461,NA,NA,NA,NA,NA,NA,NA
"pred[131]",2.54647644,2.54282,2.53517631341515,500.7,0.95,2.43601,2.67145,NA,NA,NA,NA,NA,NA,NA
"pred[132]",1.39684388,1.39669,1.3974435566254,222.5,0.95,1.32786,1.46175,NA,NA,NA,NA,NA,NA,NA
"pred[133]",-0.26295116,-0.2641435,-0.272598951252175,80.2,0.95,-0.335581,-0.191698,NA,NA,NA,NA,NA,NA,NA
"pred[134]",1.9649408,1.965225,1.97514949242739,500,0.95,1.88948,2.05861,NA,NA,NA,NA,NA,NA,NA
"pred[135]",0.814835628,0.814641,0.812532732441233,136.9,0.95,0.73199,0.885228,NA,NA,NA,NA,NA,NA,NA
"pred[136]",2.15068348,2.151085,2.15936484444626,54.7,0.95,2.08138,2.2199,NA,NA,NA,NA,NA,NA,NA
"pred[137]",0.700042704,0.6993665,0.695159018197053,244.6,0.95,0.632643,0.78407,NA,NA,NA,NA,NA,NA,NA
"pred[138]",1.4880033,1.491295,1.4967498019863,419.8,0.95,1.37958,1.5894,NA,NA,NA,NA,NA,NA,NA
"pred[139]",2.17451068,2.17523,2.18275555438817,405.2,0.95,2.10756,2.24812,NA,NA,NA,NA,NA,NA,NA
"pred[140]",1.38008918,1.3784,1.37183772689771,421.9,0.95,1.30884,1.45432,NA,NA,NA,NA,NA,NA,NA
"pred[141]",1.43482562,1.434535,1.43164787780998,27,0.95,1.37623,1.49974,NA,NA,NA,NA,NA,NA,NA
"pred[142]",1.71240374,1.71376,1.71880361594645,424.5,0.95,1.6263,1.79682,NA,NA,NA,NA,NA,NA,NA
"pred[143]",2.68297468,2.682335,2.66261825311074,399.4,0.95,2.50578,2.85344,NA,NA,NA,NA,NA,NA,NA
"pred[144]",1.57461388,1.57366,1.57441543357277,261.7,0.95,1.51579,1.65047,NA,NA,NA,NA,NA,NA,NA
"pred[145]",0.227044566,0.228012,0.233258213389789,179.7,0.95,0.164403,0.293427,NA,NA,NA,NA,NA,NA,NA
"pred[146]",1.96902952,1.971615,1.97487766676091,406.1,0.95,1.90156,2.03648,NA,NA,NA,NA,NA,NA,NA
"pred[147]",1.186628,1.1859,1.17976321806714,117.7,0.95,1.12187,1.23257,NA,NA,NA,NA,NA,NA,NA
"pred[148]",1.3932272,1.392585,1.39286248470746,500,0.95,1.3206,1.46235,NA,NA,NA,NA,NA,NA,NA
"pred[149]",0.45836156,0.4578135,0.444956375169338,22.5,0.95,0.362173,0.566957,NA,NA,NA,NA,NA,NA,NA
"pred[150]",2.9930517,2.994255,3.00702388750042,118.3,0.95,2.91568,3.06318,NA,NA,NA,NA,NA,NA,NA
"pred[151]",1.81155512,1.815825,1.82975462881661,138.4,0.95,1.71664,1.90789,NA,NA,NA,NA,NA,NA,NA
"pred[152]",2.08457066,2.08529,2.08591890421226,29.7,0.95,1.93336,2.21435,NA,NA,NA,NA,NA,NA,NA
"pred[153]",0.232315902,0.231387,0.22100708905729,375.4,0.95,0.162719,0.302204,NA,NA,NA,NA,NA,NA,NA
"pred[154]",1.5546757,1.5562,1.56517000881262,112.9,0.95,1.46951,1.63199,NA,NA,NA,NA,NA,NA,NA
"pred[155]",1.74517328,1.743145,1.74017449789685,187.3,0.95,1.63112,1.88864,NA,NA,NA,NA,NA,NA,NA
"pred[156]",2.20285412,2.203595,2.20777336747622,130.1,0.95,2.08888,2.32091,NA,NA,NA,NA,NA,NA,NA
"pred[157]",-0.432223744,-0.430202,-0.426858643824974,385.1,0.95,-0.493478,-0.361203,NA,NA,NA,NA,NA,NA,NA
"pred[158]",2.1682904,2.17114,2.1755769066169,194.1,0.95,2.05615,2.27966,NA,NA,NA,NA,NA,NA,NA
"pred[159]",1.8952957,1.89644,1.899285579346,400.1,0.95,1.77666,2.01386,NA,NA,NA,NA,NA,NA,NA
"pred[160]",1.82739872,1.82741,1.8259755925175,221.6,0.95,1.72864,1.91503,NA,NA,NA,NA,NA,NA,NA
"pred[161]",0.579787886,0.579379,0.579316235115085,202.7,0.95,0.502485,0.654653,NA,NA,NA,NA,NA,NA,NA
"pred[162]",1.97680178,1.977665,1.97146808793527,272.7,0.95,1.89916,2.05504,NA,NA,NA,NA,NA,NA,NA
"pred[163]",1.64598794,1.647825,1.65117718163929,256,0.95,1.51723,1.76243,NA,NA,NA,NA,NA,NA,NA
"pred[164]",2.38587684,2.387445,2.41083275840048,373.2,0.95,2.27326,2.50333,NA,NA,NA,NA,NA,NA,NA
"pred[165]",1.26919308,1.268585,1.26411131613661,130.3,0.95,1.1873,1.34201,NA,NA,NA,NA,NA,NA,NA
"pred[166]",1.43431098,1.43665,1.43980084971503,423.7,0.95,1.35634,1.51963,NA,NA,NA,NA,NA,NA,NA
"pred[167]",1.14885654,1.149555,1.15526107417722,343,0.95,1.08328,1.21303,NA,NA,NA,NA,NA,NA,NA
"pred[168]",2.49720052,2.49637,2.49946359646046,118.4,0.95,2.41652,2.58756,NA,NA,NA,NA,NA,NA,NA
"pred[169]",0.600383306,0.601224,0.606487174900511,500,0.95,0.487356,0.715584,NA,NA,NA,NA,NA,NA,NA
"pred[170]",2.42005712,2.42053,2.4328131296995,225.9,0.95,2.34143,2.52505,NA,NA,NA,NA,NA,NA,NA
"pred[171]",1.8921411,1.89466,1.89641492493838,37.6,0.95,1.77951,1.98863,NA,NA,NA,NA,NA,NA,NA
"pred[172]",2.35106988,2.35263,2.40741683941051,13.1,0.95,2.16264,2.55533,NA,NA,NA,NA,NA,NA,NA
"pred[173]",-0.44519798,-0.444784,-0.437420981329365,316.7,0.95,-0.511001,-0.370563,NA,NA,NA,NA,NA,NA,NA
"pred[174]",1.82836702,1.827085,1.82954300941141,17.7,0.95,1.72002,1.92412,NA,NA,NA,NA,NA,NA,NA
"pred[175]",2.17801906,2.179745,2.18616662766057,20.7,0.95,2.06527,2.28456,NA,NA,NA,NA,NA,NA,NA
"pred[176]",2.02056208,2.02308,2.0295361185936,37.9,0.95,1.89816,2.13892,NA,NA,NA,NA,NA,NA,NA
"pred[177]",-0.1529435568,-0.1546245,-0.162198193666762,111.7,0.95,-0.237749,-0.0630376,NA,NA,NA,NA,NA,NA,NA
"pred[178]",1.34335334,1.34338,1.34711667940675,50.1,0.95,1.26321,1.42154,NA,NA,NA,NA,NA,NA,NA
"pred[179]",3.14865952,3.150805,3.14972397374516,223,0.95,3.03892,3.25401,NA,NA,NA,NA,NA,NA,NA
"pred[180]",2.36663264,2.367025,2.35732412961049,292,0.95,2.25675,2.45918,NA,NA,NA,NA,NA,NA,NA
"pred[181]",0.434776604,0.437048,0.444749734165001,52.1,0.95,0.379082,0.498434,NA,NA,NA,NA,NA,NA,NA
"pred[182]",1.99180456,1.990975,1.9888528505994,23.5,0.95,1.88788,2.08721,NA,NA,NA,NA,NA,NA,NA
"pred[183]",1.9081446,1.905705,1.9018204403803,119.9,0.95,1.76937,2.03821,NA,NA,NA,NA,NA,NA,NA
"pred[184]",1.7766702,1.775475,1.77321589205269,43.7,0.95,1.61905,1.9572,NA,NA,NA,NA,NA,NA,NA
"pred[185]",-0.1504402842,-0.1510865,-0.15188033321431,36.5,0.95,-0.23117,-0.068677,NA,NA,NA,NA,NA,NA,NA
"pred[186]",2.4717338,2.47169,2.48619810184591,500,0.95,2.35849,2.58309,NA,NA,NA,NA,NA,NA,NA
"pred[187]",0.938813474,0.9361525,0.929469961559833,95.3,0.95,0.836142,1.03532,NA,NA,NA,NA,NA,NA,NA
"pred[188]",1.40898382,1.408945,1.40544117680986,62.5,0.95,1.30464,1.49865,NA,NA,NA,NA,NA,NA,NA
"pred[189]",1.96979568,1.970725,1.97243954418833,244.5,0.95,1.8777,2.05611,NA,NA,NA,NA,NA,NA,NA
"pred[190]",1.62710086,1.62775,1.63701703813183,126,0.95,1.52037,1.72931,NA,NA,NA,NA,NA,NA,NA
"pred[191]",1.38768316,1.38769,1.38598180216515,244.3,0.95,1.29845,1.4751,NA,NA,NA,NA,NA,NA,NA
"pred[192]",1.44232884,1.441685,1.42562935139492,78.3,0.95,1.36775,1.52445,NA,NA,NA,NA,NA,NA,NA
"pred[193]",0.655572288,0.657923,0.664854481860847,80.9,0.95,0.578684,0.74048,NA,NA,NA,NA,NA,NA,NA
"pred[194]",2.04930306,2.04971,2.05541067906208,290.8,0.95,1.9837,2.11199,NA,NA,NA,NA,NA,NA,NA
"pred[195]",1.73023848,1.73329,1.74877462128494,28.1,0.95,1.60929,1.84637,NA,NA,NA,NA,NA,NA,NA
"pred[196]",2.30425676,2.30301,2.30647427784207,500,0.95,2.16765,2.46207,NA,NA,NA,NA,NA,NA,NA
"pred[197]",-0.0284647497614,-0.02557885,-0.0124226749818819,229.5,0.95,-0.111716,0.0525801,NA,NA,NA,NA,NA,NA,NA
"pred[198]",2.05608756,2.05606,2.04197505469618,422.1,0.95,1.99952,2.11812,NA,NA,NA,NA,NA,NA,NA
"pred[199]",1.71497708,1.71677,1.72190548252966,500,0.95,1.65769,1.78156,NA,NA,NA,NA,NA,NA,NA
"pred[200]",1.87141202,1.87083,1.85746599602623,500,0.95,1.78753,1.96226,NA,NA,NA,NA,NA,NA,NA
"pred[201]",-0.344313624,-0.345101,-0.350640783735629,500,0.95,-0.409395,-0.278787,NA,NA,NA,NA,NA,NA,NA
"pred[202]",2.51524618,2.513735,2.49966671565158,500,0.95,2.38626,2.65201,NA,NA,NA,NA,NA,NA,NA
"pred[203]",1.69508378,1.69501,1.69834854641865,243.8,0.95,1.59867,1.7898,NA,NA,NA,NA,NA,NA,NA
"pred[204]",1.74602134,1.74621,1.74434972171623,500,0.95,1.63642,1.85056,NA,NA,NA,NA,NA,NA,NA
"pred[205]",-0.728318482,-0.732607,-0.730140262188696,27.6,0.95,-0.946828,-0.510052,NA,NA,NA,NA,NA,NA,NA
"pred[206]",1.49796874,1.49879,1.50108732845922,288.9,0.95,1.41528,1.56914,NA,NA,NA,NA,NA,NA,NA
"pred[207]",1.5524615,1.55193,1.54887740305029,78.7,0.95,1.47014,1.6376,NA,NA,NA,NA,NA,NA,NA
"pred[208]",2.12476892,2.12655,2.13033809509864,354.9,0.95,2.03286,2.21531,NA,NA,NA,NA,NA,NA,NA
"pred[209]",0.431514894,0.4313865,0.429304394600407,130.1,0.95,0.368593,0.49869,NA,NA,NA,NA,NA,NA,NA
"pred[210]",3.15330266,3.154615,3.14862139805094,84.4,0.95,3.03451,3.26597,NA,NA,NA,NA,NA,NA,NA
"pred[211]",1.16203904,1.1618,1.15931118331017,173.2,0.95,1.09059,1.22079,NA,NA,NA,NA,NA,NA,NA
"pred[212]",2.41260306,2.41486,2.425740606701,21.5,0.95,2.31494,2.52068,NA,NA,NA,NA,NA,NA,NA
"pred[213]",-0.51606736,-0.516371,-0.514590956321447,36.3,0.95,-0.599245,-0.433585,NA,NA,NA,NA,NA,NA,NA
"pred[214]",2.24596936,2.24849,2.25032515085465,73.3,0.95,2.158,2.33487,NA,NA,NA,NA,NA,NA,NA
"pred[215]",0.873339482,0.8763665,0.888533164593234,219,0.95,0.707779,1.0002,NA,NA,NA,NA,NA,NA,NA
"pred[216]",2.27016302,2.27165,2.29128509531309,26,0.95,2.14146,2.40048,NA,NA,NA,NA,NA,NA,NA
"pred[217]",1.59825756,1.59727,1.59824341161404,55,0.95,1.48398,1.73071,NA,NA,NA,NA,NA,NA,NA
"pred[218]",0.864639512,0.860544,0.847659319372304,21.5,0.95,0.76281,0.979715,NA,NA,NA,NA,NA,NA,NA
"pred[219]",1.68100176,1.68196,1.69439142547989,104.3,0.95,1.6109,1.75596,NA,NA,NA,NA,NA,NA,NA
"pred[220]",2.49059196,2.494525,2.50431635777741,12.8,0.95,2.36616,2.60194,NA,NA,NA,NA,NA,NA,NA
"pred[221]",-0.361729388,-0.361622,-0.364004862806285,500,0.95,-0.42863,-0.301168,NA,NA,NA,NA,NA,NA,NA
"pred[222]",3.54182312,3.545195,3.55229010960803,500,0.95,3.37945,3.67333,NA,NA,NA,NA,NA,NA,NA
"pred[223]",3.21366882,3.2104,3.19588887056022,126.5,0.95,3.10651,3.32686,NA,NA,NA,NA,NA,NA,NA
"pred[224]",2.30671858,2.309315,2.31873488540858,161.1,0.95,2.2191,2.39359,NA,NA,NA,NA,NA,NA,NA
"pred[225]",0.23619394,0.2381685,0.247171267872394,124.8,0.95,0.169921,0.292176,NA,NA,NA,NA,NA,NA,NA
"pred[226]",2.0059269,2.00587,2.00279457390868,500,0.95,1.93223,2.08057,NA,NA,NA,NA,NA,NA,NA
"pred[227]",1.85423494,1.855105,1.85791566911969,500,0.95,1.77811,1.94136,NA,NA,NA,NA,NA,NA,NA
"pred[228]",2.05667258,2.05774,2.0608489314423,500,0.95,1.9613,2.15496,NA,NA,NA,NA,NA,NA,NA
"pred[229]",0.276280666,0.2767085,0.280094708696687,26.7,0.95,0.189676,0.366278,NA,NA,NA,NA,NA,NA,NA
"pred[230]",2.1396485,2.14031,2.13165850557191,308.9,0.95,2.06378,2.22036,NA,NA,NA,NA,NA,NA,NA
"pred[231]",1.91197448,1.912795,1.91003304531894,500,0.95,1.82906,2.01448,NA,NA,NA,NA,NA,NA,NA
"pred[232]",1.68222182,1.682125,1.68315866097705,240.5,0.95,1.60743,1.75089,NA,NA,NA,NA,NA,NA,NA
"pred[233]",0.725958332,0.723368,0.708995333014638,37.3,0.95,0.61694,0.813713,NA,NA,NA,NA,NA,NA,NA
"pred[234]",1.39877354,1.399305,1.40743996706988,13.4,0.95,1.26115,1.53368,NA,NA,NA,NA,NA,NA,NA
"pred[235]",1.74593192,1.74288,1.73350904984142,247.7,0.95,1.64138,1.83973,NA,NA,NA,NA,NA,NA,NA
"pred[236]",2.66875266,2.667145,2.66887609518566,500,0.95,2.54662,2.80574,NA,NA,NA,NA,NA,NA,NA
"pred[237]",0.643659396,0.6429625,0.637922372186747,422.5,0.95,0.549032,0.767028,NA,NA,NA,NA,NA,NA,NA
"pred[238]",1.49182236,1.490675,1.48068781620238,402.6,0.95,1.40045,1.58627,NA,NA,NA,NA,NA,NA,NA
"pred[239]",1.58835566,1.586385,1.5814387292402,500,0.95,1.53305,1.65172,NA,NA,NA,NA,NA,NA,NA
"pred[240]",3.09630576,3.097965,3.11651947274637,500,0.95,2.95088,3.23272,NA,NA,NA,NA,NA,NA,NA
"pred[241]",1.041596898,1.040015,1.03367786545413,358.9,0.95,0.981002,1.10813,NA,NA,NA,NA,NA,NA,NA
"pred[242]",1.86246492,1.86121,1.85644037158982,500,0.95,1.77337,1.95546,NA,NA,NA,NA,NA,NA,NA
"pred[243]",1.49591664,1.4944,1.48160855571832,154.8,0.95,1.42959,1.5651,NA,NA,NA,NA,NA,NA,NA
"pred[244]",1.94807014,1.95205,1.97314952071504,324.2,0.95,1.82825,2.06107,NA,NA,NA,NA,NA,NA,NA
"pred[245]",1.75358692,1.752965,1.75230298795741,123.4,0.95,1.64846,1.83806,NA,NA,NA,NA,NA,NA,NA
"pred[246]",1.5759974,1.5779,1.58175625966539,91,0.95,1.49,1.65971,NA,NA,NA,NA,NA,NA,NA
"pred[247]",1.3363696,1.337545,1.34517238990933,361.3,0.95,1.26228,1.39826,NA,NA,NA,NA,NA,NA,NA
"pred[248]",2.37438412,2.37856,2.39847187261479,121,0.95,2.24022,2.50211,NA,NA,NA,NA,NA,NA,NA
"pred[249]",0.167107097,0.166955,0.166624043403971,405.3,0.95,0.101518,0.235782,NA,NA,NA,NA,NA,NA,NA
"pred[250]",2.14175368,2.14022,2.13143887418245,500,0.95,2.05648,2.22277,NA,NA,NA,NA,NA,NA,NA
"pred[251]",1.82585134,1.82619,1.82196076631163,213.1,0.95,1.73148,1.9266,NA,NA,NA,NA,NA,NA,NA
"pred[252]",1.38923602,1.388345,1.39204622146073,27.6,0.95,1.28359,1.49282,NA,NA,NA,NA,NA,NA,NA
"pred[253]",0.416422096,0.4174035,0.428958517867844,25.7,0.95,0.330758,0.506526,NA,NA,NA,NA,NA,NA,NA
"pred[254]",2.0866494,2.08637,2.08461807273583,299.9,0.95,1.98822,2.1688,NA,NA,NA,NA,NA,NA,NA
"pred[255]",2.0934795,2.089925,2.07793650849008,32,0.95,1.96439,2.20368,NA,NA,NA,NA,NA,NA,NA
"pred[256]",3.14314896,3.14496,3.15471517337213,316,0.95,3.06588,3.2214,NA,NA,NA,NA,NA,NA,NA
"pred[257]",-0.654315954,-0.6528275,-0.648441082671438,211.4,0.95,-0.737691,-0.586639,NA,NA,NA,NA,NA,NA,NA
"pred[258]",2.14031836,2.14323,2.15151910062341,132.8,0.95,2.05366,2.22145,NA,NA,NA,NA,NA,NA,NA
"pred[259]",2.3018159,2.299955,2.29777064226329,74.3,0.95,2.20817,2.3989,NA,NA,NA,NA,NA,NA,NA
"pred[260]",1.49186462,1.487525,1.47828748221118,81.8,0.95,1.40476,1.58561,NA,NA,NA,NA,NA,NA,NA
"pred[261]",0.432534006,0.4330685,0.433153876339176,268.5,0.95,0.368645,0.48817,NA,NA,NA,NA,NA,NA,NA
"pred[262]",1.3787057,1.378115,1.37368744961069,343.6,0.95,1.29189,1.46469,NA,NA,NA,NA,NA,NA,NA
"pred[263]",1.79450764,1.795945,1.80001182863103,500,0.95,1.72114,1.89024,NA,NA,NA,NA,NA,NA,NA
"pred[264]",2.2597533,2.260055,2.26837427955456,127,0.95,2.16513,2.37809,NA,NA,NA,NA,NA,NA,NA
"pred[265]",-0.333873794,-0.3307765,-0.32432660095904,500,0.95,-0.400962,-0.268016,NA,NA,NA,NA,NA,NA,NA
"pred[266]",2.95632222,2.959485,2.9646784216557,36.3,0.95,2.8458,3.07131,NA,NA,NA,NA,NA,NA,NA
"pred[267]",1.59502084,1.594975,1.59530773094418,41.9,0.95,1.48984,1.70436,NA,NA,NA,NA,NA,NA,NA
"pred[268]",1.95041316,1.95112,1.95267929873236,49.4,0.95,1.87788,2.03084,NA,NA,NA,NA,NA,NA,NA
"pred[269]",0.485599256,0.484961,0.478724205694475,79.9,0.95,0.41918,0.563727,NA,NA,NA,NA,NA,NA,NA
"pred[270]",1.64992308,1.65134,1.65533024365077,416.8,0.95,1.57597,1.73009,NA,NA,NA,NA,NA,NA,NA
"pred[271]",1.69562232,1.698365,1.70544170517832,226.6,0.95,1.58871,1.78808,NA,NA,NA,NA,NA,NA,NA
"pred[272]",2.61296808,2.61247,2.60060704012553,67.8,0.95,2.50572,2.70511,NA,NA,NA,NA,NA,NA,NA
"pred[273]",0.282848034,0.282895,0.289208078053589,500,0.95,0.220622,0.345241,NA,NA,NA,NA,NA,NA,NA
"pred[274]",1.063064066,1.061255,1.05482918984385,500,0.95,0.977686,1.14762,NA,NA,NA,NA,NA,NA,NA
"pred[275]",2.60769494,2.606475,2.60305163195791,106.3,0.95,2.50721,2.70118,NA,NA,NA,NA,NA,NA,NA
"pred[276]",2.5843989,2.58707,2.58862370132136,500,0.95,2.48363,2.66537,NA,NA,NA,NA,NA,NA,NA
"pred[277]",-0.047622892118,-0.048401,-0.0589664273541619,325.5,0.95,-0.113281,0.0115116,NA,NA,NA,NA,NA,NA,NA
"pred[278]",2.60193036,2.599495,2.59448655610734,209.5,0.95,2.49648,2.69454,NA,NA,NA,NA,NA,NA,NA
"pred[279]",1.81397272,1.811495,1.80295792950568,208.3,0.95,1.74683,1.89168,NA,NA,NA,NA,NA,NA,NA
"pred[280]",1.81932638,1.817225,1.8065504240965,211.2,0.95,1.74373,1.89031,NA,NA,NA,NA,NA,NA,NA
"pred[281]",2.1215637,2.125625,2.13063426805089,435.1,0.95,2.01423,2.20627,NA,NA,NA,NA,NA,NA,NA
"pred[282]",-0.10392808206,-0.1052165,-0.111955280594112,362.4,0.95,-0.171788,-0.026291,NA,NA,NA,NA,NA,NA,NA
"pred[283]",2.39688344,2.395945,2.38334862987053,500,0.95,2.25249,2.536,NA,NA,NA,NA,NA,NA,NA
"pred[284]",1.87502232,1.873405,1.86853435839557,286.7,0.95,1.79753,1.94818,NA,NA,NA,NA,NA,NA,NA
"pred[285]",-0.095758836464,-0.09530795,-0.102028148060285,54.5,0.95,-0.169964,-0.0214902,NA,NA,NA,NA,NA,NA,NA
"pred[286]",1.80949478,1.808015,1.80199151299616,55.8,0.95,1.74139,1.89131,NA,NA,NA,NA,NA,NA,NA
"pred[287]",2.94941734,2.94864,2.94381047392782,167,0.95,2.83941,3.04922,NA,NA,NA,NA,NA,NA,NA
"pred[288]",1.43004508,1.429635,1.42529480434281,23,0.95,1.27022,1.58261,NA,NA,NA,NA,NA,NA,NA
"pred[289]",0.1305867728,0.1317855,0.136382028806072,407.8,0.95,0.0749009,0.184121,NA,NA,NA,NA,NA,NA,NA
"pred[290]",2.4761859,2.47684,2.47491456370308,345.2,0.95,2.39832,2.56002,NA,NA,NA,NA,NA,NA,NA
"pred[291]",2.06229788,2.06189,2.06785111706355,499.6,0.95,1.99586,2.13536,NA,NA,NA,NA,NA,NA,NA
"pred[292]",2.24492344,2.241805,2.23034674261244,301.5,0.95,2.17529,2.32038,NA,NA,NA,NA,NA,NA,NA
"pred[293]",0.873843068,0.8738775,0.869395349615454,500,0.95,0.784956,0.965457,NA,NA,NA,NA,NA,NA,NA
"pred[294]",2.06069188,2.06055,2.0700749822491,306.8,0.95,1.98463,2.13953,NA,NA,NA,NA,NA,NA,NA
"pred[295]",1.30376934,1.2998,1.29269021495088,25.1,0.95,1.20203,1.41634,NA,NA,NA,NA,NA,NA,NA
"pred[296]",2.02471726,2.02534,2.02963129133423,67.5,0.95,1.93285,2.12445,NA,NA,NA,NA,NA,NA,NA
"pred[297]",0.573208564,0.573537,0.575686465972418,500,0.95,0.4992,0.635855,NA,NA,NA,NA,NA,NA,NA
"pred[298]",1.73611904,1.735275,1.73168067482392,201.7,0.95,1.64084,1.83745,NA,NA,NA,NA,NA,NA,NA
"pred[299]",2.78602392,2.787915,2.79070879852084,500,0.95,2.69723,2.8655,NA,NA,NA,NA,NA,NA,NA
"pred[300]",2.5928244,2.59043,2.58003645463161,172.2,0.95,2.50993,2.67618,NA,NA,NA,NA,NA,NA,NA
"pred[301]",0.862488314,0.8633915,0.861090492878653,173.9,0.95,0.798501,0.919065,NA,NA,NA,NA,NA,NA,NA
"pred[302]",1.5267485,1.5267,1.52646393597833,194.1,0.95,1.43319,1.62057,NA,NA,NA,NA,NA,NA,NA
"pred[303]",2.01392294,2.01088,2.00333518988426,436.1,0.95,1.87915,2.1435,NA,NA,NA,NA,NA,NA,NA
"pred[304]",1.75745016,1.75906,1.77200801499505,322.2,0.95,1.69384,1.82633,NA,NA,NA,NA,NA,NA,NA
"pred[305]",0.60421692,0.606862,0.614386224812883,324,0.95,0.539341,0.668986,NA,NA,NA,NA,NA,NA,NA
"pred[306]",2.8445303,2.84331,2.83883390609459,500,0.95,2.75498,2.91558,NA,NA,NA,NA,NA,NA,NA
"pred[307]",2.24742802,2.247145,2.24751515197135,218.3,0.95,2.18024,2.31818,NA,NA,NA,NA,NA,NA,NA
"pred[308]",1.79185484,1.795905,1.80347503799433,117.3,0.95,1.67179,1.89808,NA,NA,NA,NA,NA,NA,NA
"pred[309]",0.330988622,0.331063,0.331627433828945,270.7,0.95,0.257516,0.405267,NA,NA,NA,NA,NA,NA,NA
"pred[310]",2.35669278,2.354755,2.35591732921066,110.2,0.95,2.25569,2.48217,NA,NA,NA,NA,NA,NA,NA
"pred[311]",2.33712106,2.338325,2.3204710986145,220.5,0.95,2.24804,2.42137,NA,NA,NA,NA,NA,NA,NA
"pred[312]",1.7496116,1.74683,1.73907667317715,519,0.95,1.67392,1.82614,NA,NA,NA,NA,NA,NA,NA
"pred[313]",0.751720276,0.7544245,0.767209213563127,500,0.95,0.668293,0.828186,NA,NA,NA,NA,NA,NA,NA
"pred[314]",1.30256662,1.30212,1.2948139841264,89.4,0.95,1.22645,1.38216,NA,NA,NA,NA,NA,NA,NA
"pred[315]",2.90251704,2.9013,2.90366288225078,413.3,0.95,2.803,2.99969,NA,NA,NA,NA,NA,NA,NA
"pred[316]",1.61853934,1.61978,1.62369723527249,205.1,0.95,1.51904,1.70862,NA,NA,NA,NA,NA,NA,NA
"pred[317]",-0.019568375078,-0.01973465,-0.0229780103189207,89.8,0.95,-0.0896604,0.0556705,NA,NA,NA,NA,NA,NA,NA
"pred[318]",2.7480208,2.74632,2.73672162313619,500,0.95,2.66126,2.84228,NA,NA,NA,NA,NA,NA,NA
"pred[319]",1.58616892,1.58684,1.58786098885408,366.6,0.95,1.48761,1.66904,NA,NA,NA,NA,NA,NA,NA
"pred[320]",1.42558758,1.425705,1.42450391563507,181.4,0.95,1.34387,1.50611,NA,NA,NA,NA,NA,NA,NA
"pred[321]",0.291562308,0.29285,0.289079380566639,419.6,0.95,0.23184,0.354238,NA,NA,NA,NA,NA,NA,NA
"pred[322]",1.58518372,1.586935,1.5907230736772,104.1,0.95,1.50459,1.66241,NA,NA,NA,NA,NA,NA,NA
"pred[323]",1.77604254,1.7752,1.77397346078118,439.3,0.95,1.69387,1.84762,NA,NA,NA,NA,NA,NA,NA
"pred[324]",2.07036248,2.070805,2.0680648778503,235.3,0.95,2.01743,2.13904,NA,NA,NA,NA,NA,NA,NA
"pred[325]",0.957542354,0.9569735,0.949847283296528,122.6,0.95,0.844033,1.05822,NA,NA,NA,NA,NA,NA,NA
"pred[326]",1.78040792,1.77983,1.77502319313564,500,0.95,1.67542,1.8889,NA,NA,NA,NA,NA,NA,NA
"pred[327]",1.66157272,1.65869,1.64409520134425,327.3,0.95,1.58973,1.74685,NA,NA,NA,NA,NA,NA,NA
"pred[328]",2.03637052,2.0365,2.03986909968226,327.3,0.95,1.94352,2.11308,NA,NA,NA,NA,NA,NA,NA
"pred[329]",-0.78689827,-0.787309,-0.786411827339102,78.9,0.95,-0.87758,-0.701215,NA,NA,NA,NA,NA,NA,NA
"pred[330]",2.59109568,2.58973,2.58885240287028,500,0.95,2.50152,2.69032,NA,NA,NA,NA,NA,NA,NA
"pred[331]",1.70288862,1.705275,1.72166804337535,386.9,0.95,1.60227,1.79226,NA,NA,NA,NA,NA,NA,NA
"pred[332]",2.14310432,2.145125,2.15195668355867,285.1,0.95,2.06668,2.21465,NA,NA,NA,NA,NA,NA,NA
"pred[333]",0.1671020436,0.1678145,0.177949708782138,153,0.95,0.0871109,0.239164,NA,NA,NA,NA,NA,NA,NA
"pred[334]",2.06446604,2.06255,2.08727667922343,148.1,0.95,1.95564,2.1865,NA,NA,NA,NA,NA,NA,NA
"pred[335]",2.19887642,2.19977,2.21608297715741,500,0.95,2.04446,2.36496,NA,NA,NA,NA,NA,NA,NA
"pred[336]",2.41126188,2.413605,2.42439012408095,10.8,0.95,2.27007,2.54744,NA,NA,NA,NA,NA,NA,NA
"pred[337]",0.396412388,0.3969935,0.398489661646356,500,0.95,0.329076,0.456302,NA,NA,NA,NA,NA,NA,NA
"pred[338]",2.4109459,2.413485,2.41311157362302,500,0.95,2.27648,2.56142,NA,NA,NA,NA,NA,NA,NA
"pred[339]",1.76166974,1.76045,1.75220023493697,46.4,0.95,1.67519,1.84059,NA,NA,NA,NA,NA,NA,NA
"pred[340]",2.17133844,2.169565,2.1637096020217,60.9,0.95,2.05931,2.27552,NA,NA,NA,NA,NA,NA,NA
"pred[341]",0.479737972,0.479963,0.480097860858842,500,0.95,0.410897,0.556305,NA,NA,NA,NA,NA,NA,NA
"pred[342]",2.42281362,2.426425,2.43508529107548,264.3,0.95,2.32201,2.5113,NA,NA,NA,NA,NA,NA,NA
"pred[343]",2.42577772,2.424355,2.41956232030052,239.3,0.95,2.31654,2.52824,NA,NA,NA,NA,NA,NA,NA
"pred[344]",2.3534511,2.35417,2.33821525470843,56.1,0.95,2.28053,2.43475,NA,NA,NA,NA,NA,NA,NA
"pred[345]",-0.578034002,-0.5779305,-0.593548089152653,183.8,0.95,-0.658926,-0.500593,NA,NA,NA,NA,NA,NA,NA
"pred[346]",2.94353972,2.942925,2.94985125139928,147.7,0.95,2.86161,3.01558,NA,NA,NA,NA,NA,NA,NA
"pred[347]",1.64537748,1.642695,1.63775636613198,500,0.95,1.54703,1.75978,NA,NA,NA,NA,NA,NA,NA
"pred[348]",1.60401166,1.60282,1.60412910203006,57.7,0.95,1.5132,1.68619,NA,NA,NA,NA,NA,NA,NA
"pred[349]",0.20858882,0.2081545,0.20901021157746,335.7,0.95,0.155347,0.268546,NA,NA,NA,NA,NA,NA,NA
"pred[350]",2.51052128,2.509,2.5106746757721,200.1,0.95,2.4344,2.59106,NA,NA,NA,NA,NA,NA,NA
"pred[351]",2.10099704,2.099465,2.09355028972331,89.3,0.95,2.00986,2.21007,NA,NA,NA,NA,NA,NA,NA
"pred[352]",2.23176142,2.2329,2.24012597353074,419.9,0.95,2.16549,2.29532,NA,NA,NA,NA,NA,NA,NA
"pred[353]",0.392323516,0.392469,0.391576587687379,423,0.95,0.334186,0.44823,NA,NA,NA,NA,NA,NA,NA
"pred[354]",2.57684842,2.57745,2.57702252185154,363.8,0.95,2.44144,2.72082,NA,NA,NA,NA,NA,NA,NA
"pred[355]",2.09561596,2.094695,2.09539275055349,92.6,0.95,2.01852,2.1634,NA,NA,NA,NA,NA,NA,NA
"pred[356]",1.43858102,1.44105,1.45858535326674,500,0.95,1.30352,1.57266,NA,NA,NA,NA,NA,NA,NA
"pred[357]",1.058050562,1.05509,1.03891086795401,276.6,0.95,0.988051,1.14053,NA,NA,NA,NA,NA,NA,NA
"pred[358]",1.4293642,1.42754,1.42232069560171,72.2,0.95,1.29742,1.53863,NA,NA,NA,NA,NA,NA,NA
"pred[359]",1.81092154,1.80975,1.80064925830645,101.2,0.95,1.74533,1.89035,NA,NA,NA,NA,NA,NA,NA
"pred[360]",2.32065102,2.3188,2.31263868243908,53,0.95,2.219,2.40167,NA,NA,NA,NA,NA,NA,NA
"pred[361]",1.41846778,1.420125,1.42329683360531,500,0.95,1.31639,1.50224,NA,NA,NA,NA,NA,NA,NA
"pred[362]",1.20599598,1.206505,1.18584451490873,55.5,0.95,1.11845,1.2978,NA,NA,NA,NA,NA,NA,NA
"pred[363]",1.7089028,1.70837,1.70776787407597,198.7,0.95,1.65012,1.77106,NA,NA,NA,NA,NA,NA,NA
"pred[364]",2.57423048,2.57796,2.58577092217833,435.8,0.95,2.48813,2.6735,NA,NA,NA,NA,NA,NA,NA
"pred[365]",-0.269386348,-0.2671845,-0.262753013697404,194.8,0.95,-0.336562,-0.19772,NA,NA,NA,NA,NA,NA,NA
"pred[366]",1.98121342,1.984485,1.98994545195254,248.6,0.95,1.86168,2.09083,NA,NA,NA,NA,NA,NA,NA
"pred[367]",2.26970566,2.268745,2.26644180102156,144.1,0.95,2.18571,2.36322,NA,NA,NA,NA,NA,NA,NA
"pred[368]",1.61145244,1.61152,1.60798692278076,253.7,0.95,1.53165,1.67264,NA,NA,NA,NA,NA,NA,NA
"pred[369]",0.975176606,0.975105,0.977459414596616,53.3,0.95,0.904487,1.03969,NA,NA,NA,NA,NA,NA,NA
"pred[370]",2.79700184,2.801275,2.81313115022864,70.8,0.95,2.68406,2.89444,NA,NA,NA,NA,NA,NA,NA
"pred[371]",1.30476646,1.302525,1.29363947116783,69,0.95,1.20409,1.42118,NA,NA,NA,NA,NA,NA,NA
"pred[372]",1.21166494,1.21191,1.21727110415282,197.1,0.95,1.15592,1.27212,NA,NA,NA,NA,NA,NA,NA
"pred[373]",1.8842766,1.8862,1.89191649346117,201.1,0.95,1.78049,1.98226,NA,NA,NA,NA,NA,NA,NA
"pred[374]",1.8908907,1.887975,1.88465848317386,380.8,0.95,1.82512,1.96715,NA,NA,NA,NA,NA,NA,NA
"pred[375]",1.88486146,1.885045,1.89043163709903,343.2,0.95,1.78717,1.98577,NA,NA,NA,NA,NA,NA,NA
"pred[376]",1.81096536,1.811625,1.8052634198859,500,0.95,1.71771,1.89593,NA,NA,NA,NA,NA,NA,NA
"pred[377]",-0.010575946472,-0.01119725,0.00031876388700984,314.6,0.95,-0.0610881,0.0436206,NA,NA,NA,NA,NA,NA,NA
"pred[378]",1.82731444,1.826175,1.82311248659663,207,0.95,1.71617,1.92219,NA,NA,NA,NA,NA,NA,NA
"pred[379]",2.70880876,2.705155,2.68970183939844,17.7,0.95,2.56241,2.85158,NA,NA,NA,NA,NA,NA,NA
"pred[380]",2.53914064,2.539505,2.53886046183407,500,0.95,2.44752,2.62731,NA,NA,NA,NA,NA,NA,NA
"pred[381]",0.291120548,0.290365,0.286355490484137,183.3,0.95,0.22321,0.353988,NA,NA,NA,NA,NA,NA,NA
"pred[382]",2.56863628,2.568665,2.57230852088297,383.4,0.95,2.46894,2.65638,NA,NA,NA,NA,NA,NA,NA
"pred[383]",2.50737646,2.509785,2.51935935957813,380.7,0.95,2.41464,2.58864,NA,NA,NA,NA,NA,NA,NA
"pred[384]",2.4197331,2.419065,2.41461091733748,500,0.95,2.31065,2.50462,NA,NA,NA,NA,NA,NA,NA
"pred[385]",0.375004806,0.3751835,0.377052794671033,500,0.95,0.31547,0.430389,NA,NA,NA,NA,NA,NA,NA
"pred[386]",2.69172602,2.69369,2.7063130761341,500,0.95,2.61091,2.76012,NA,NA,NA,NA,NA,NA,NA
"pred[387]",2.17985176,2.18284,2.18474001837185,168.3,0.95,2.07581,2.27828,NA,NA,NA,NA,NA,NA,NA
"pred[388]",1.29589034,1.296345,1.29991343790792,337.2,0.95,1.22859,1.36993,NA,NA,NA,NA,NA,NA,NA
"pred[389]",0.782246676,0.7824975,0.781070427045267,141.1,0.95,0.701071,0.863775,NA,NA,NA,NA,NA,NA,NA
"pred[390]",2.75874774,2.75901,2.74698392198896,500,0.95,2.65954,2.86635,NA,NA,NA,NA,NA,NA,NA
"pred[391]",1.98370646,1.981285,1.97483502818322,500,0.95,1.89061,2.09487,NA,NA,NA,NA,NA,NA,NA
"pred[392]",1.73407756,1.73435,1.73453566000171,287,0.95,1.6402,1.81528,NA,NA,NA,NA,NA,NA,NA
"pred[393]",0.1575909296,0.155836,0.148203151802882,500,0.95,0.100806,0.219745,NA,NA,NA,NA,NA,NA,NA
"pred[394]",2.05795076,2.057905,2.0587868531025,127.4,0.95,1.99059,2.13864,NA,NA,NA,NA,NA,NA,NA
"pred[395]",1.40994782,1.41051,1.40977040803611,155.8,0.95,1.32784,1.47949,NA,NA,NA,NA,NA,NA,NA
"pred[396]",1.72363928,1.722175,1.71422812201595,355.8,0.95,1.65341,1.81854,NA,NA,NA,NA,NA,NA,NA
"pred[397]",-0.22662085,-0.226807,-0.228679205476464,274.7,0.95,-0.292676,-0.159352,NA,NA,NA,NA,NA,NA,NA
"pred[398]",2.28926202,2.288395,2.28963241111788,267.4,0.95,2.172,2.40106,NA,NA,NA,NA,NA,NA,NA
"pred[399]",2.33566756,2.33529,2.33095872254352,279.8,0.95,2.22254,2.44432,NA,NA,NA,NA,NA,NA,NA
"pred[400]",1.21939896,1.218855,1.22017456144143,285.6,0.95,1.12778,1.32527,NA,NA,NA,NA,NA,NA,NA
"pred[401]",-0.396432652,-0.395636,-0.402002641823836,102.7,0.95,-0.458628,-0.327769,NA,NA,NA,NA,NA,NA,NA
"pred[402]",0.963622964,0.9638405,0.956641194794704,56.1,0.95,0.877269,1.04089,NA,NA,NA,NA,NA,NA,NA
"pred[403]",2.01897112,2.01987,2.02498233005493,81.8,0.95,1.91222,2.12073,NA,NA,NA,NA,NA,NA,NA
"pred[404]",2.24933292,2.25351,2.27569531853203,14.3,0.95,2.05646,2.43302,NA,NA,NA,NA,NA,NA,NA
"pred[405]",0.001099583879,0.00093829275,-0.00461419816465394,221.5,0.95,-0.111947,0.121259,NA,NA,NA,NA,NA,NA,NA
"pred[406]",2.20737542,2.206765,2.20238863126486,111.7,0.95,2.10967,2.31102,NA,NA,NA,NA,NA,NA,NA
"pred[407]",1.022639216,1.02162,1.01560090814777,435.8,0.95,0.899278,1.15448,NA,NA,NA,NA,NA,NA,NA
"pred[408]",1.60896014,1.612445,1.61575903208,399.1,0.95,1.51616,1.70757,NA,NA,NA,NA,NA,NA,NA
"pred[409]",-0.543999588,-0.541932,-0.538205301616403,500,0.95,-0.618856,-0.471001,NA,NA,NA,NA,NA,NA,NA
"pred[410]",2.37341032,2.37292,2.36678957176697,314.5,0.95,2.2791,2.44838,NA,NA,NA,NA,NA,NA,NA
"pred[411]",1.8095785,1.8093,1.80041439136959,205.8,0.95,1.68248,1.93375,NA,NA,NA,NA,NA,NA,NA
"pred[412]",2.13916378,2.142105,2.15127665265323,214.7,0.95,2.03471,2.23393,NA,NA,NA,NA,NA,NA,NA
"pred[413]",-0.728318482,-0.732607,-0.730140262188696,27.6,0.95,-0.946828,-0.510052,NA,NA,NA,NA,NA,NA,NA
"pred[414]",2.38664954,2.38625,2.36817929676622,56,0.95,2.27748,2.509,NA,NA,NA,NA,NA,NA,NA
"pred[415]",1.66589034,1.66699,1.66442585645492,244.1,0.95,1.55061,1.76609,NA,NA,NA,NA,NA,NA,NA
"pred[416]",0.966672736,0.967575,0.967929774334931,402.8,0.95,0.906091,1.03267,NA,NA,NA,NA,NA,NA,NA
"pred[417]",0.733716132,0.733741,0.731250415313508,39.3,0.95,0.63278,0.829821,NA,NA,NA,NA,NA,NA,NA
"pred[418]",1.90719166,1.90557,1.90134543722754,500,0.95,1.82978,1.98424,NA,NA,NA,NA,NA,NA,NA
"pred[419]",1.37378374,1.37651,1.3811088172524,273.7,0.95,1.30368,1.45329,NA,NA,NA,NA,NA,NA,NA
"pred[420]",1.66390006,1.66302,1.6600605703817,181.7,0.95,1.58436,1.74,NA,NA,NA,NA,NA,NA,NA
"pred[421]",0.48135167,0.4818835,0.48540872035445,252.3,0.95,0.409776,0.542346,NA,NA,NA,NA,NA,NA,NA
"pred[422]",1.79461652,1.794475,1.80518296332617,151.7,0.95,1.70303,1.89593,NA,NA,NA,NA,NA,NA,NA
"pred[423]",1.36364994,1.3618,1.356424706917,98.3,0.95,1.29473,1.4264,NA,NA,NA,NA,NA,NA,NA
"pred[424]",1.26217598,1.26287,1.26263787680737,183.8,0.95,1.16189,1.33624,NA,NA,NA,NA,NA,NA,NA
"pred[425]",-0.728318482,-0.732607,-0.730140262188696,27.6,0.95,-0.946828,-0.510052,NA,NA,NA,NA,NA,NA,NA
"pred[426]",1.70570738,1.70987,1.72160342528325,428.8,0.95,1.56138,1.83715,NA,NA,NA,NA,NA,NA,NA
"pred[427]",2.41229308,2.41089,2.40849348114094,135.1,0.95,2.31748,2.49059,NA,NA,NA,NA,NA,NA,NA
"pred[428]",2.52098444,2.52367,2.53516820724395,39.2,0.95,2.4088,2.62528,NA,NA,NA,NA,NA,NA,NA
"pred[429]",0.594381242,0.5958235,0.604429604773034,500,0.95,0.529434,0.650892,NA,NA,NA,NA,NA,NA,NA
"pred[430]",2.35978206,2.36103,2.36244231160445,131.3,0.95,2.28514,2.45177,NA,NA,NA,NA,NA,NA,NA
"pred[431]",2.13492128,2.137035,2.13918808164304,500,0.95,2.07619,2.20072,NA,NA,NA,NA,NA,NA,NA
"pred[432]",1.42051232,1.418875,1.41460222959575,396.1,0.95,1.36465,1.49145,NA,NA,NA,NA,NA,NA,NA
"pred[433]",1.09577998,1.09482,1.10132921366122,124.4,0.95,1.02676,1.16428,NA,NA,NA,NA,NA,NA,NA
"pred[434]",2.16103646,2.16077,2.1636191190731,124.2,0.95,1.929,2.41182,NA,NA,NA,NA,NA,NA,NA
"pred[435]",2.32203514,2.32084,2.31683132044611,21.7,0.95,2.14776,2.49478,NA,NA,NA,NA,NA,NA,NA
"pred[436]",2.05346216,2.054,2.05183742343501,114.8,0.95,1.94473,2.14328,NA,NA,NA,NA,NA,NA,NA
"pred[437]",-0.36309473,-0.3615675,-0.343860980266996,28.4,0.95,-0.443559,-0.292129,NA,NA,NA,NA,NA,NA,NA
"pred[438]",2.07618482,2.07448,2.06736360975802,204.7,0.95,1.99736,2.16455,NA,NA,NA,NA,NA,NA,NA
"pred[439]",0.104170463376,0.104089,0.102209645520098,500,0.95,0.0295696,0.176032,NA,NA,NA,NA,NA,NA,NA
"pred[440]",2.789569,2.791125,2.79290377325296,23.5,0.95,2.69205,2.8813,NA,NA,NA,NA,NA,NA,NA
"pred[441]",1.3410488,1.33994,1.33497832334217,430.1,0.95,1.25119,1.41565,NA,NA,NA,NA,NA,NA,NA
"pred[442]",1.8794643,1.879715,1.8874358570655,500,0.95,1.81074,1.94067,NA,NA,NA,NA,NA,NA,NA
"pred[443]",1.7501023,1.749995,1.76063494998731,198.7,0.95,1.68247,1.82898,NA,NA,NA,NA,NA,NA,NA
"pred[444]",1.960805,1.9634,1.98982020215999,244,0.95,1.82436,2.0815,NA,NA,NA,NA,NA,NA,NA
"pred[445]",0.509903388,0.510484,0.513695263023507,125.3,0.95,0.447403,0.573295,NA,NA,NA,NA,NA,NA,NA
"pred[446]",1.71081548,1.71098,1.70964383386994,30.5,0.95,1.58664,1.82338,NA,NA,NA,NA,NA,NA,NA
"pred[447]",1.58845766,1.58713,1.59011937203377,500,0.95,1.47694,1.70148,NA,NA,NA,NA,NA,NA,NA
"pred[448]",1.80696002,1.80604,1.80447177213554,706.7,0.95,1.70936,1.89556,NA,NA,NA,NA,NA,NA,NA
"pred[449]",0.283134208,0.284601,0.255707101636828,500,0.95,0.18483,0.373858,NA,NA,NA,NA,NA,NA,NA
"pred[450]",1.36271306,1.363295,1.3623818458013,500,0.95,1.29246,1.43716,NA,NA,NA,NA,NA,NA,NA
"pred[451]",2.0490715,2.04952,2.05024900824995,379.5,0.95,1.92966,2.13252,NA,NA,NA,NA,NA,NA,NA
"pred[452]",2.34016992,2.342415,2.3532211178768,138.4,0.95,2.25007,2.4136,NA,NA,NA,NA,NA,NA,NA
"pred[453]",1.46245966,1.46322,1.47356324790406,385.7,0.95,1.38229,1.54694,NA,NA,NA,NA,NA,NA,NA
"pred[454]",2.74864826,2.749535,2.76255876991458,500,0.95,2.67446,2.81939,NA,NA,NA,NA,NA,NA,NA
"pred[455]",1.3448295,1.345895,1.35276749217395,113,0.95,1.28113,1.40406,NA,NA,NA,NA,NA,NA,NA
"pred[456]",1.26611984,1.26817,1.28076673542521,355.8,0.95,1.19609,1.31938,NA,NA,NA,NA,NA,NA,NA
"pred[457]",0.818787244,0.817867,0.819338477916568,388.9,0.95,0.764937,0.875496,NA,NA,NA,NA,NA,NA,NA
"pred[458]",1.81920446,1.82025,1.82662595191775,500,0.95,1.73155,1.91761,NA,NA,NA,NA,NA,NA,NA
"pred[459]",2.25771892,2.25737,2.26064168898691,376.8,0.95,2.16402,2.34271,NA,NA,NA,NA,NA,NA,NA
"pred[460]",2.59793906,2.599195,2.60686200022773,142.5,0.95,2.52327,2.68078,NA,NA,NA,NA,NA,NA,NA
"pred[461]",0.041028161844,0.0390426,0.0344601222174088,116.7,0.95,-0.0325599,0.123808,NA,NA,NA,NA,NA,NA,NA
"pred[462]",1.48238148,1.482455,1.48590514076576,336,0.95,1.4249,1.54541,NA,NA,NA,NA,NA,NA,NA
"pred[463]",1.81152088,1.809235,1.80498628715155,393.9,0.95,1.74368,1.89198,NA,NA,NA,NA,NA,NA,NA
"pred[464]",2.61410884,2.61797,2.62514535129428,263.5,0.95,2.47593,2.73697,NA,NA,NA,NA,NA,NA,NA
"pred[465]",0.899321038,0.9001045,0.902875144870687,78,0.95,0.845104,0.960388,NA,NA,NA,NA,NA,NA,NA
"pred[466]",1.109365416,1.10892,1.11121094774016,73.7,0.95,1.01857,1.19893,NA,NA,NA,NA,NA,NA,NA
"pred[467]",1.5922998,1.595225,1.60610876472482,20.5,0.95,1.45007,1.71487,NA,NA,NA,NA,NA,NA,NA
"pred[468]",2.6693554,2.662365,2.63639434929142,500,0.95,2.40866,2.9171,NA,NA,NA,NA,NA,NA,NA
"pred[469]",0.318454202,0.3186675,0.316629389821487,500,0.95,0.252377,0.391006,NA,NA,NA,NA,NA,NA,NA
"pred[470]",1.75443072,1.75258,1.74878132121145,437.6,0.95,1.67688,1.8212,NA,NA,NA,NA,NA,NA,NA
"pred[471]",2.08857544,2.088705,2.09782064809053,395.2,0.95,1.98423,2.20004,NA,NA,NA,NA,NA,NA,NA
"pred[472]",1.95169202,1.94944,1.93613622247914,162.7,0.95,1.86529,2.05234,NA,NA,NA,NA,NA,NA,NA
"pred[473]",1.020603818,1.02015,1.01406938633885,162.8,0.95,0.945757,1.09459,NA,NA,NA,NA,NA,NA,NA
"pred[474]",1.49793858,1.498275,1.4995842029112,500,0.95,1.37905,1.58986,NA,NA,NA,NA,NA,NA,NA
"pred[475]",1.87298414,1.87367,1.87470159076611,500,0.95,1.80196,1.93695,NA,NA,NA,NA,NA,NA,NA
"pred[476]",2.01791702,2.01942,2.04091435485088,387.5,0.95,1.91769,2.13819,NA,NA,NA,NA,NA,NA,NA
"pred[477]",-0.383944692,-0.3833635,-0.387244482826857,500,0.95,-0.449952,-0.31951,NA,NA,NA,NA,NA,NA,NA
"pred[478]",1.6858124,1.68444,1.68129265422359,383.7,0.95,1.58111,1.77342,NA,NA,NA,NA,NA,NA,NA
"pred[479]",1.60491732,1.60695,1.61633071422824,500,0.95,1.50467,1.71436,NA,NA,NA,NA,NA,NA,NA
"pred[480]",1.83336106,1.83269,1.83118624728655,322.7,0.95,1.75358,1.93097,NA,NA,NA,NA,NA,NA,NA
"pred[481]",0.1794774704,0.180205,0.181441413267834,237.5,0.95,0.112908,0.235592,NA,NA,NA,NA,NA,NA,NA
"pred[482]",2.29613706,2.295655,2.29691200535428,291.1,0.95,2.1931,2.37842,NA,NA,NA,NA,NA,NA,NA
"pred[483]",2.52419116,2.52624,2.52842443090647,299.9,0.95,2.41314,2.62545,NA,NA,NA,NA,NA,NA,NA
"pred[484]",1.64592302,1.64525,1.63096175090688,304.2,0.95,1.56342,1.7357,NA,NA,NA,NA,NA,NA,NA
"pred[485]",0.73049125,0.7281815,0.720907841904812,209.7,0.95,0.667395,0.802107,NA,NA,NA,NA,NA,NA,NA
"pred[486]",1.56656398,1.564295,1.56301337856012,255.9,0.95,1.45994,1.67963,NA,NA,NA,NA,NA,NA,NA
"pred[487]",1.95544292,1.953575,1.94630122664227,182,0.95,1.86237,2.03385,NA,NA,NA,NA,NA,NA,NA
"pred[488]",1.73381326,1.73449,1.73475287453328,500,0.95,1.62635,1.83262,NA,NA,NA,NA,NA,NA,NA
"pred[489]",1.008922106,1.00948,1.00562711379307,151.1,0.95,0.911559,1.08606,NA,NA,NA,NA,NA,NA,NA
"pred[490]",1.44463282,1.443525,1.43263968385306,58.2,0.95,1.33283,1.55993,NA,NA,NA,NA,NA,NA,NA
"pred[491]",1.36727028,1.368385,1.3782225973149,22.7,0.95,1.27741,1.46173,NA,NA,NA,NA,NA,NA,NA
"pred[492]",1.80616438,1.804595,1.80208352323177,426.1,0.95,1.72816,1.90609,NA,NA,NA,NA,NA,NA,NA
"pred[493]",0.237543446,0.235245,0.229534762272645,244.8,0.95,0.182133,0.297007,NA,NA,NA,NA,NA,NA,NA
"pred[494]",1.76415414,1.76416,1.76743317991348,199.1,0.95,1.68902,1.86059,NA,NA,NA,NA,NA,NA,NA
"pred[495]",2.18406334,2.18561,2.20230152195413,500,0.95,2.08209,2.29059,NA,NA,NA,NA,NA,NA,NA
"pred[496]",2.65302614,2.650505,2.6422030160112,213.1,0.95,2.52469,2.75461,NA,NA,NA,NA,NA,NA,NA
"pred[497]",0.56114095,0.563057,0.566711460915556,500,0.95,0.483309,0.64103,NA,NA,NA,NA,NA,NA,NA
"pred[498]",0.618280974,0.6186955,0.609998955071841,500,0.95,0.535154,0.706072,NA,NA,NA,NA,NA,NA,NA
"pred[499]",1.91784894,1.91932,1.92432452099931,500,0.95,1.84832,1.98067,NA,NA,NA,NA,NA,NA,NA
"pred[500]",3.06221046,3.06421,3.08131732865572,317.5,0.95,2.94956,3.16756,NA,NA,NA,NA,NA,NA,NA
"pred[501]",0.782294448,0.7816935,0.786651994902945,325.6,0.95,0.71374,0.847759,NA,NA,NA,NA,NA,NA,NA
"pred[502]",2.02332836,2.021325,2.02005997475695,20.9,0.95,1.88505,2.14812,NA,NA,NA,NA,NA,NA,NA
"pred[503]",1.76711298,1.76067,1.73596457986926,54.9,0.95,1.59931,1.95683,NA,NA,NA,NA,NA,NA,NA
"pred[504]",2.39666342,2.39801,2.40045367680604,204.5,0.95,2.32307,2.46699,NA,NA,NA,NA,NA,NA,NA
"pred[505]",0.509375804,0.5076065,0.502558293209801,148.9,0.95,0.4328,0.580202,NA,NA,NA,NA,NA,NA,NA
"pred[506]",2.5036168,2.49879,2.48916039079883,533.4,0.95,2.39776,2.61382,NA,NA,NA,NA,NA,NA,NA
"pred[507]",1.96418554,1.965065,1.97317043313327,268.2,0.95,1.88309,2.03236,NA,NA,NA,NA,NA,NA,NA
"pred[508]",2.27748288,2.278455,2.27994064620721,28.8,0.95,2.17384,2.37859,NA,NA,NA,NA,NA,NA,NA
"pred[509]",0.444544084,0.445601,0.446836479224219,364.4,0.95,0.367817,0.506499,NA,NA,NA,NA,NA,NA,NA
"pred[510]",1.85631256,1.856875,1.85806742145168,143.1,0.95,1.78233,1.93315,NA,NA,NA,NA,NA,NA,NA
"pred[511]",2.0030588,2.002555,2.00404506207006,591.6,0.95,1.93011,2.07423,NA,NA,NA,NA,NA,NA,NA
"pred[512]",2.08676988,2.08547,2.07980227645471,368.4,0.95,2.00671,2.16539,NA,NA,NA,NA,NA,NA,NA
"pred[513]",0.849885446,0.850964,0.847759683610948,213.5,0.95,0.753201,0.922908,NA,NA,NA,NA,NA,NA,NA
"pred[514]",2.38418556,2.381785,2.37952229418236,25.3,0.95,2.2947,2.4828,NA,NA,NA,NA,NA,NA,NA
"pred[515]",1.9658515,1.96547,1.96750164520424,128.8,0.95,1.8735,2.05352,NA,NA,NA,NA,NA,NA,NA
"pred[516]",1.99193124,1.99167,1.98261658311818,248.4,0.95,1.89095,2.09074,NA,NA,NA,NA,NA,NA,NA
"pred[517]",0.721762624,0.7203475,0.718540728302852,60.9,0.95,0.643429,0.81253,NA,NA,NA,NA,NA,NA,NA
"pred[518]",2.09190872,2.09105,2.08500121354137,26.1,0.95,1.96657,2.22116,NA,NA,NA,NA,NA,NA,NA
"pred[519]",1.82842468,1.82446,1.81277749355053,184.8,0.95,1.74226,1.90908,NA,NA,NA,NA,NA,NA,NA
"pred[520]",2.00647838,2.008605,2.0097644790727,235.9,0.95,1.9169,2.10232,NA,NA,NA,NA,NA,NA,NA
"pred[521]",0.411225162,0.4124585,0.412621241228537,146.5,0.95,0.352112,0.459873,NA,NA,NA,NA,NA,NA,NA
"pred[522]",1.8783993,1.87477,1.86601566699662,46.8,0.95,1.7746,2.0007,NA,NA,NA,NA,NA,NA,NA
"pred[523]",2.40903116,2.41272,2.42419540679289,500,0.95,2.31634,2.49314,NA,NA,NA,NA,NA,NA,NA
"pred[524]",2.99077836,2.99169,2.98827300566557,127.6,0.95,2.87332,3.10126,NA,NA,NA,NA,NA,NA,NA
"pred[525]",0.36503864,0.365148,0.363331722117103,214.3,0.95,0.286457,0.429707,NA,NA,NA,NA,NA,NA,NA
"pred[526]",2.39718924,2.39292,2.38810230880591,261.4,0.95,2.33221,2.49004,NA,NA,NA,NA,NA,NA,NA
"pred[527]",1.79064898,1.78833,1.77750800409662,500,0.95,1.7054,1.88587,NA,NA,NA,NA,NA,NA,NA
"pred[528]",2.33377938,2.333245,2.33107389924414,84.5,0.95,2.25644,2.40614,NA,NA,NA,NA,NA,NA,NA
"pred[529]",0.335818926,0.339816,0.353598681819333,245.7,0.95,0.245076,0.411461,NA,NA,NA,NA,NA,NA,NA
"pred[530]",1.96087868,1.960715,1.95685191269836,183.9,0.95,1.86256,2.06773,NA,NA,NA,NA,NA,NA,NA
"pred[531]",1.84494326,1.839935,1.83113931794613,420.6,0.95,1.72289,1.96636,NA,NA,NA,NA,NA,NA,NA
"pred[532]",2.27646896,2.275645,2.26152572513729,500,0.95,2.1619,2.37709,NA,NA,NA,NA,NA,NA,NA
"pred[533]",2.1500734,2.15432,2.1592950485689,316.8,0.95,2.03769,2.25298,NA,NA,NA,NA,NA,NA,NA
"pred[534]",1.78982614,1.7891,1.7881344209836,500,0.95,1.69353,1.89688,NA,NA,NA,NA,NA,NA,NA
"pred[535]",1.21445574,1.212375,1.20142221477557,198.4,0.95,1.14916,1.28866,NA,NA,NA,NA,NA,NA,NA
"pred[536]",1.55782316,1.557865,1.55388289329751,353.3,0.95,1.46507,1.64872,NA,NA,NA,NA,NA,NA,NA
"pred[537]",0.14349044287,0.1448195,0.151947147387343,69.6,0.95,0.0564686,0.232677,NA,NA,NA,NA,NA,NA,NA
"pred[538]",3.10456456,3.106175,3.11218267571906,500,0.95,3.01972,3.21489,NA,NA,NA,NA,NA,NA,NA
"pred[539]",2.58420588,2.583515,2.57779339243428,152.8,0.95,2.48832,2.68297,NA,NA,NA,NA,NA,NA,NA
"pred[540]",2.10229938,2.09782,2.06389259878992,200.4,0.95,1.85231,2.37799,NA,NA,NA,NA,NA,NA,NA
"pred[541]",0.126398172,0.1266975,0.134050331294255,500,0.95,0.0633959,0.186876,NA,NA,NA,NA,NA,NA,NA
"pred[542]",1.63833268,1.63691,1.62865689687655,34.7,0.95,1.53834,1.76065,NA,NA,NA,NA,NA,NA,NA
"pred[543]",4.57134962,4.56266,4.53657433333161,171.1,0.95,4.21506,4.94023,NA,NA,NA,NA,NA,NA,NA
"pred[544]",1.51708924,1.51525,1.49982934998714,8.8,0.95,1.39987,1.64474,NA,NA,NA,NA,NA,NA,NA
"pred[545]",0.15304138868,0.1508815,0.131748039228697,28.4,0.95,0.0441457,0.281442,NA,NA,NA,NA,NA,NA,NA
"pred[546]",3.65899248,3.658905,3.65641471187797,411.8,0.95,3.52963,3.78037,NA,NA,NA,NA,NA,NA,NA
"pred[547]",2.23276306,2.23213,2.23443939287542,457.7,0.95,2.11065,2.36531,NA,NA,NA,NA,NA,NA,NA
"pred[548]",1.8722545,1.873525,1.88109378734746,252.3,0.95,1.7629,1.96381,NA,NA,NA,NA,NA,NA,NA
"pred[549]",0.267469806,0.2689545,0.287262816512542,54.5,0.95,0.181225,0.360525,NA,NA,NA,NA,NA,NA,NA
"pred[550]",2.30963138,2.31053,2.29796074767027,17,0.95,2.18966,2.44064,NA,NA,NA,NA,NA,NA,NA
"pred[551]",1.42424788,1.421845,1.41719775476007,55.1,0.95,1.32557,1.52492,NA,NA,NA,NA,NA,NA,NA
"pred[552]",3.02775752,3.02217,3.00966046784573,596.1,0.95,2.93737,3.12846,NA,NA,NA,NA,NA,NA,NA
"pred[553]",0.1600178122,0.161745,0.169565053272837,70.3,0.95,0.0923012,0.237053,NA,NA,NA,NA,NA,NA,NA
"pred[554]",1.1918529,1.191655,1.19037955763447,500,0.95,1.11732,1.25704,NA,NA,NA,NA,NA,NA,NA
"pred[555]",2.00773702,2.0112,2.01709767704348,65,0.95,1.91298,2.09229,NA,NA,NA,NA,NA,NA,NA
"pred[556]",1.33510194,1.333945,1.33034023507443,241,0.95,1.25306,1.41655,NA,NA,NA,NA,NA,NA,NA
"pred[557]",0.679757728,0.6797685,0.679059251150715,500,0.95,0.62522,0.728958,NA,NA,NA,NA,NA,NA,NA
"pred[558]",1.18527172,1.18563,1.19444598151386,134,0.95,1.13338,1.23258,NA,NA,NA,NA,NA,NA,NA
"pred[559]",2.04119168,2.043075,2.0394121513925,500,0.95,1.93689,2.13454,NA,NA,NA,NA,NA,NA,NA
"pred[560]",2.17681744,2.178305,2.20565222642197,107.8,0.95,2.03747,2.35041,NA,NA,NA,NA,NA,NA,NA
"pred[561]",0.469664424,0.469342,0.469621960571051,500,0.95,0.370963,0.540535,NA,NA,NA,NA,NA,NA,NA
"pred[562]",2.0644019,2.065255,2.06533951055559,85.6,0.95,1.98088,2.13248,NA,NA,NA,NA,NA,NA,NA
"pred[563]",1.50502308,1.507745,1.51819177131028,420.1,0.95,1.4144,1.58575,NA,NA,NA,NA,NA,NA,NA
"pred[564]",0.61102548,0.6104735,0.601213654664695,186.7,0.95,0.520801,0.690073,NA,NA,NA,NA,NA,NA,NA
"pred[565]",-0.394173882,-0.39418,-0.398896426193645,500,0.95,-0.457958,-0.326261,NA,NA,NA,NA,NA,NA,NA
"pred[566]",2.57822364,2.58003,2.5783803441965,42.3,0.95,2.44658,2.69461,NA,NA,NA,NA,NA,NA,NA
"pred[567]",2.87796874,2.876045,2.87078125680135,107.7,0.95,2.75226,3.0333,NA,NA,NA,NA,NA,NA,NA
"pred[568]",2.10093046,2.09747,2.09144983670361,15.6,0.95,1.95505,2.23476,NA,NA,NA,NA,NA,NA,NA
"pred[569]",0.947633464,0.944612,0.939076347608884,107.8,0.95,0.889321,1.00963,NA,NA,NA,NA,NA,NA,NA
"pred[570]",1.93601422,1.935485,1.93702950536418,500,0.95,1.85108,2.04497,NA,NA,NA,NA,NA,NA,NA
"pred[571]",2.70613636,2.70469,2.68281517876572,500,0.95,2.54488,2.84032,NA,NA,NA,NA,NA,NA,NA
"pred[572]",1.67707254,1.675975,1.69138342557783,66.9,0.95,1.60084,1.77246,NA,NA,NA,NA,NA,NA,NA
"pred[573]",0.491688604,0.492066,0.490835337130827,145.1,0.95,0.425631,0.567965,NA,NA,NA,NA,NA,NA,NA
"pred[574]",2.93680412,2.93669,2.94072047572087,500,0.95,2.85118,3.02587,NA,NA,NA,NA,NA,NA,NA
"pred[575]",1.50242676,1.50315,1.50484032854003,366.5,0.95,1.41936,1.58078,NA,NA,NA,NA,NA,NA,NA
"pred[576]",2.35379846,2.351905,2.35157054580752,423,0.95,2.22562,2.46002,NA,NA,NA,NA,NA,NA,NA
"pred[577]",0.947637496,0.945472,0.937400986905994,326.8,0.95,0.874196,1.015,NA,NA,NA,NA,NA,NA,NA
"pred[578]",1.50824882,1.505785,1.5071615087257,316.3,0.95,1.39554,1.61653,NA,NA,NA,NA,NA,NA,NA
"pred[579]",2.386996,2.388065,2.39636878352065,108.4,0.95,2.30415,2.46888,NA,NA,NA,NA,NA,NA,NA
"pred[580]",1.15252484,1.15252,1.14816624045143,204.4,0.95,1.0933,1.21389,NA,NA,NA,NA,NA,NA,NA
"pred[581]",1.29825186,1.295605,1.28062831956892,318.8,0.95,1.20647,1.39239,NA,NA,NA,NA,NA,NA,NA
"pred[582]",1.15522182,1.154385,1.15249063776599,280.6,0.95,1.0927,1.23201,NA,NA,NA,NA,NA,NA,NA
"pred[583]",1.61378048,1.61553,1.62380364644748,500,0.95,1.54736,1.67658,NA,NA,NA,NA,NA,NA,NA
"pred[584]",1.082676398,1.083845,1.08863357731242,379.6,0.95,0.986721,1.17854,NA,NA,NA,NA,NA,NA,NA
"pred[585]",0.799640962,0.801639,0.807896989228032,377,0.95,0.651271,0.933842,NA,NA,NA,NA,NA,NA,NA
"pred[586]",2.17841846,2.176825,2.17303075475476,500,0.95,2.05544,2.29291,NA,NA,NA,NA,NA,NA,NA
"pred[587]",2.18462456,2.18736,2.19121587377997,19.2,0.95,2.07623,2.28021,NA,NA,NA,NA,NA,NA,NA
"pred[588]",1.74294576,1.741555,1.7367875417127,275.5,0.95,1.63107,1.875,NA,NA,NA,NA,NA,NA,NA
"pred[589]",0.558925368,0.5569815,0.554151331640935,97.5,0.95,0.48762,0.647727,NA,NA,NA,NA,NA,NA,NA
"pred[590]",1.59812396,1.596355,1.59163787963337,38.8,0.95,1.48486,1.69387,NA,NA,NA,NA,NA,NA,NA
"pred[591]",1.4646583,1.464195,1.45688092196688,148.9,0.95,1.36736,1.55573,NA,NA,NA,NA,NA,NA,NA
"pred[592]",2.19928208,2.200485,2.21757988649917,14.3,0.95,2.06829,2.33547,NA,NA,NA,NA,NA,NA,NA
"pred[593]",0.597042254,0.593727,0.589174488658177,151.2,0.95,0.485999,0.72298,NA,NA,NA,NA,NA,NA,NA
"pred[594]",1.46245142,1.45487,1.4245457997727,11.3,0.95,1.29848,1.6724,NA,NA,NA,NA,NA,NA,NA
"pred[595]",0.955440736,0.962154,0.995095009302254,8.6,0.95,0.711437,1.15294,NA,NA,NA,NA,NA,NA,NA
"pred[596]",1.74510906,1.746405,1.74881104447986,46.4,0.95,1.66553,1.83646,NA,NA,NA,NA,NA,NA,NA
"pred[597]",0.291434144,0.2884035,0.279201181917383,66.3,0.95,0.194014,0.386854,NA,NA,NA,NA,NA,NA,NA
"pred[598]",2.1701912,2.17189,2.18094198598136,272.7,0.95,2.08481,2.24781,NA,NA,NA,NA,NA,NA,NA
"pred[599]",1.6505319,1.65013,1.64450778015471,371.8,0.95,1.56092,1.73992,NA,NA,NA,NA,NA,NA,NA
"pred[600]",2.16417516,2.162985,2.17596477693433,64.3,0.95,2.09297,2.2415,NA,NA,NA,NA,NA,NA,NA
"pred[601]",-0.11070089442,-0.109652,-0.106531571702812,149.2,0.95,-0.184706,-0.0239323,NA,NA,NA,NA,NA,NA,NA
"pred[602]",2.07778658,2.07558,2.07070382778506,43,0.95,1.98756,2.17408,NA,NA,NA,NA,NA,NA,NA
"pred[603]",2.30705632,2.308085,2.28570313529004,116.3,0.95,2.18298,2.42778,NA,NA,NA,NA,NA,NA,NA
"pred[604]",2.15001154,2.148235,2.14262050466302,382.8,0.95,2.05817,2.24355,NA,NA,NA,NA,NA,NA,NA
"pred[605]",1.119042706,1.120085,1.12588536995183,89,0.95,1.05566,1.19653,NA,NA,NA,NA,NA,NA,NA
"pred[606]",2.15207472,2.155525,2.16319834724803,500,0.95,2.04039,2.26287,NA,NA,NA,NA,NA,NA,NA
"pred[607]",2.89818566,2.897465,2.89581555909458,189.5,0.95,2.81079,2.96666,NA,NA,NA,NA,NA,NA,NA
"pred[608]",1.43160148,1.43032,1.44717985467709,504,0.95,1.34427,1.51601,NA,NA,NA,NA,NA,NA,NA
"pred[609]",0.851813002,0.8531075,0.857656468679213,388.1,0.95,0.801892,0.899546,NA,NA,NA,NA,NA,NA,NA
"pred[610]",1.54506704,1.543855,1.53149163045193,500,0.95,1.46715,1.62246,NA,NA,NA,NA,NA,NA,NA
"pred[611]",1.57996896,1.579235,1.57725295377934,500,0.95,1.50683,1.65024,NA,NA,NA,NA,NA,NA,NA
"pred[612]",2.15815308,2.155985,2.15143828428874,272.3,0.95,2.07787,2.22934,NA,NA,NA,NA,NA,NA,NA
"pred[613]",0.75645538,0.756223,0.772238045871941,500,0.95,0.639375,0.860168,NA,NA,NA,NA,NA,NA,NA
"pred[614]",1.96880872,1.96864,1.96236655575308,217.8,0.95,1.89816,2.03893,NA,NA,NA,NA,NA,NA,NA
"pred[615]",1.97673978,1.97978,1.99716288066036,334.5,0.95,1.86686,2.0815,NA,NA,NA,NA,NA,NA,NA
"pred[616]",2.02620806,2.02496,2.01566593600819,500,0.95,1.88938,2.16084,NA,NA,NA,NA,NA,NA,NA
"pred[617]",-0.045279365374,-0.04684005,-0.059308584136799,25.8,0.95,-0.125844,0.0385487,NA,NA,NA,NA,NA,NA,NA
"pred[618]",1.89262512,1.891675,1.88714910129824,148.8,0.95,1.79962,1.9953,NA,NA,NA,NA,NA,NA,NA
"pred[619]",1.6109117,1.609515,1.60159169270891,208.1,0.95,1.51843,1.69918,NA,NA,NA,NA,NA,NA,NA
"pred[620]",2.2886554,2.29,2.29045207139085,414.1,0.95,2.22697,2.34993,NA,NA,NA,NA,NA,NA,NA
"pred[621]",0.388042534,0.3908295,0.395671482026801,160.5,0.95,0.31993,0.449855,NA,NA,NA,NA,NA,NA,NA
"pred[622]",2.45304002,2.45085,2.42907483410753,455.6,0.95,2.33573,2.57029,NA,NA,NA,NA,NA,NA,NA
"pred[623]",2.60716312,2.607975,2.60891020886706,17.9,0.95,2.46567,2.76237,NA,NA,NA,NA,NA,NA,NA
"pred[624]",1.659163,1.658065,1.64879415670349,297.6,0.95,1.58807,1.72301,NA,NA,NA,NA,NA,NA,NA
"pred[625]",0.55113219,0.5530145,0.554703856357655,286.4,0.95,0.477942,0.624848,NA,NA,NA,NA,NA,NA,NA
"pred[626]",1.21579442,1.215365,1.21191916501373,49.1,0.95,1.15314,1.30408,NA,NA,NA,NA,NA,NA,NA
"pred[627]",1.27430834,1.274065,1.27690064084887,61,0.95,1.20334,1.3354,NA,NA,NA,NA,NA,NA,NA
"pred[628]",2.6283015,2.63224,2.63983114098964,500,0.95,2.49295,2.73669,NA,NA,NA,NA,NA,NA,NA
"pred[629]",0.254263734,0.254981,0.251254317541349,328.8,0.95,0.173621,0.33945,NA,NA,NA,NA,NA,NA,NA
"pred[630]",1.67515822,1.674725,1.67213198175948,67.5,0.95,1.58241,1.77702,NA,NA,NA,NA,NA,NA,NA
"pred[631]",1.46920554,1.47064,1.46959720248293,18.4,0.95,1.33642,1.59521,NA,NA,NA,NA,NA,NA,NA
"pred[632]",1.82432886,1.828875,1.84860177260215,12.5,0.95,1.69739,1.93999,NA,NA,NA,NA,NA,NA,NA
"pred[633]",0.96272103,0.962654,0.966379221515653,51.3,0.95,0.855965,1.05819,NA,NA,NA,NA,NA,NA,NA
"pred[634]",2.17290722,2.17176,2.16686412673188,48.1,0.95,2.07106,2.28278,NA,NA,NA,NA,NA,NA,NA
"pred[635]",2.34293542,2.340345,2.33584197717788,356,0.95,2.27522,2.41683,NA,NA,NA,NA,NA,NA,NA
"pred[636]",2.82510398,2.824865,2.8168897927901,235.5,0.95,2.75069,2.90219,NA,NA,NA,NA,NA,NA,NA
"pred[637]",0.08802821634,0.0872949,0.0812199336439543,222.9,0.95,0.0183012,0.150518,NA,NA,NA,NA,NA,NA,NA
"pred[638]",1.9558198,1.954275,1.95418746231098,157.2,0.95,1.89817,2.01655,NA,NA,NA,NA,NA,NA,NA
"pred[639]",1.3828144,1.38422,1.38940821316805,459.4,0.95,1.26395,1.49898,NA,NA,NA,NA,NA,NA,NA
"pred[640]",1.5584855,1.559415,1.56619644241159,500,0.95,1.4967,1.63961,NA,NA,NA,NA,NA,NA,NA
"pred[641]",0.619304468,0.620071,0.615241699258489,309,0.95,0.537713,0.701435,NA,NA,NA,NA,NA,NA,NA
"pred[642]",1.71581964,1.718065,1.73009663032853,314.6,0.95,1.6267,1.80438,NA,NA,NA,NA,NA,NA,NA
"pred[643]",2.73876268,2.73923,2.71798326983959,337.2,0.95,2.61649,2.85472,NA,NA,NA,NA,NA,NA,NA
"pred[644]",1.87201996,1.872945,1.88013135259488,102.9,0.95,1.77166,1.97339,NA,NA,NA,NA,NA,NA,NA
"pred[645]",0.224498342,0.225424,0.229739485562283,72.2,0.95,0.172536,0.278056,NA,NA,NA,NA,NA,NA,NA
"pred[646]",1.9038609,1.903505,1.90158502919671,500,0.95,1.79925,1.99497,NA,NA,NA,NA,NA,NA,NA
"pred[647]",1.81236354,1.8148,1.82000043256275,209.6,0.95,1.72419,1.88137,NA,NA,NA,NA,NA,NA,NA
"pred[648]",1.8711845,1.87244,1.87726452387003,500,0.95,1.81766,1.92938,NA,NA,NA,NA,NA,NA,NA
"pred[649]",2.04517052,2.045735,2.04597760399964,421.4,0.95,1.94763,2.16368,NA,NA,NA,NA,NA,NA,NA
"pred[650]",1.7117712,1.711425,1.70726023587726,194,0.95,1.63104,1.79328,NA,NA,NA,NA,NA,NA,NA
"pred[651]",1.6103643,1.61135,1.60659926405566,248.6,0.95,1.50992,1.70545,NA,NA,NA,NA,NA,NA,NA
"pred[652]",2.26509382,2.260995,2.25314382443744,38.7,0.95,2.1727,2.3661,NA,NA,NA,NA,NA,NA,NA
"pred[653]",1.2110287,1.211215,1.20610332766353,148.7,0.95,1.10904,1.30108,NA,NA,NA,NA,NA,NA,NA
"pred[654]",2.63905914,2.63821,2.6310241930569,21.1,0.95,2.53337,2.74361,NA,NA,NA,NA,NA,NA,NA
"pred[655]",1.39732878,1.39704,1.398057791642,122.4,0.95,1.32183,1.45836,NA,NA,NA,NA,NA,NA,NA
"pred[656]",1.46997656,1.466595,1.45461400886185,58.3,0.95,1.36638,1.57104,NA,NA,NA,NA,NA,NA,NA
"pred[657]",1.4621143,1.462255,1.47187074161659,57.1,0.95,1.39764,1.53653,NA,NA,NA,NA,NA,NA,NA
"pred[658]",1.90359692,1.90475,1.90278186460604,425.5,0.95,1.8041,1.99083,NA,NA,NA,NA,NA,NA,NA
"pred[659]",1.69621426,1.69527,1.68430972050694,188.6,0.95,1.60557,1.78555,NA,NA,NA,NA,NA,NA,NA
"pred[660]",2.58520058,2.58561,2.58739060345624,83.3,0.95,2.48156,2.7019,NA,NA,NA,NA,NA,NA,NA
"pred[661]",0.198981944,0.19884,0.197419702402958,107.2,0.95,0.115216,0.272389,NA,NA,NA,NA,NA,NA,NA
"pred[662]",2.14789168,2.14593,2.13829598647038,500,0.95,2.05459,2.23132,NA,NA,NA,NA,NA,NA,NA
"pred[663]",2.12832078,2.127115,2.11986372919401,47.8,0.95,2.04544,2.22602,NA,NA,NA,NA,NA,NA,NA
"pred[664]",2.18947784,2.189555,2.19382826188547,21.6,0.95,2.03656,2.31313,NA,NA,NA,NA,NA,NA,NA
"pred[665]",0.909159552,0.909531,0.912676750870729,469.3,0.95,0.860854,0.966857,NA,NA,NA,NA,NA,NA,NA
"pred[666]",0.96141273,0.9595355,0.958761723616585,346.7,0.95,0.847886,1.05968,NA,NA,NA,NA,NA,NA,NA
"pred[667]",2.43290878,2.431485,2.41098962304209,108.9,0.95,2.34211,2.5098,NA,NA,NA,NA,NA,NA,NA
"pred[668]",2.4478741,2.44649,2.45515351501141,151.2,0.95,2.35003,2.53836,NA,NA,NA,NA,NA,NA,NA
"pred[669]",1.061073062,1.0595,1.04751306970083,196.7,0.95,0.981349,1.14697,NA,NA,NA,NA,NA,NA,NA
"pred[670]",2.48712206,2.48479,2.45593960070058,431.7,0.95,2.31767,2.63563,NA,NA,NA,NA,NA,NA,NA
"pred[671]",2.55999376,2.560775,2.56641651588316,353.9,0.95,2.48064,2.66393,NA,NA,NA,NA,NA,NA,NA
"pred[672]",2.13474346,2.13375,2.12878438087209,172.7,0.95,2.06498,2.21943,NA,NA,NA,NA,NA,NA,NA
"pred[673]",-0.367266574,-0.3670305,-0.361024637270347,148.5,0.95,-0.416301,-0.30301,NA,NA,NA,NA,NA,NA,NA
"pred[674]",2.43184368,2.43324,2.43418574542952,372.5,0.95,2.31237,2.54992,NA,NA,NA,NA,NA,NA,NA
"pred[675]",1.66029362,1.65497,1.63686454178256,432.8,0.95,1.55796,1.7903,NA,NA,NA,NA,NA,NA,NA
"pred[676]",2.08972052,2.090465,2.09527254966778,500,0.95,2.01683,2.15458,NA,NA,NA,NA,NA,NA,NA
"pred[677]",0.255544464,0.257519,0.262943615489449,174.5,0.95,0.197982,0.322618,NA,NA,NA,NA,NA,NA,NA
"pred[678]",1.143261062,1.143085,1.12013765450979,427,0.95,1.05755,1.26752,NA,NA,NA,NA,NA,NA,NA
"pred[679]",1.97264034,1.97173,1.96873803516935,303.7,0.95,1.9069,2.05287,NA,NA,NA,NA,NA,NA,NA
"pred[680]",3.22063282,3.219075,3.21766525792109,364.3,0.95,3.14477,3.30575,NA,NA,NA,NA,NA,NA,NA
"pred[681]",1.00223543,1.00044,0.989109537993982,157.4,0.95,0.939011,1.08064,NA,NA,NA,NA,NA,NA,NA
"pred[682]",1.7215078,1.721665,1.71875604224162,103.1,0.95,1.6477,1.8019,NA,NA,NA,NA,NA,NA,NA
"pred[683]",1.80539422,1.802095,1.7897933599186,143.5,0.95,1.72827,1.89729,NA,NA,NA,NA,NA,NA,NA
"pred[684]",2.2712049,2.273975,2.28789432675807,19.8,0.95,2.13587,2.39896,NA,NA,NA,NA,NA,NA,NA
"pred[685]",0.712684482,0.7124165,0.710940354828889,500,0.95,0.64162,0.806679,NA,NA,NA,NA,NA,NA,NA
"pred[686]",0.514381746,0.5120615,0.506990800061354,129.5,0.95,0.438949,0.576126,NA,NA,NA,NA,NA,NA,NA
"pred[687]",2.1431465,2.140765,2.141084444443,500,0.95,2.04424,2.23728,NA,NA,NA,NA,NA,NA,NA
"pred[688]",2.12344582,2.12602,2.14181271303383,94.3,0.95,2.02082,2.2153,NA,NA,NA,NA,NA,NA,NA
"pred[689]",0.04855745911,0.0465821,0.0434789552178462,171.7,0.95,-0.0273467,0.124317,NA,NA,NA,NA,NA,NA,NA
"pred[690]",2.1646482,2.164855,2.14225309498749,80.4,0.95,2.03427,2.26652,NA,NA,NA,NA,NA,NA,NA
"pred[691]",2.29313898,2.292025,2.3040396134462,65.9,0.95,2.18398,2.39658,NA,NA,NA,NA,NA,NA,NA
"pred[692]",1.8133829,1.81437,1.8171193373987,32.8,0.95,1.72416,1.88859,NA,NA,NA,NA,NA,NA,NA
"pred[693]",-0.071765114738,-0.07115865,-0.0716151750371572,401.3,0.95,-0.156176,-0.0121452,NA,NA,NA,NA,NA,NA,NA
"pred[694]",1.53549972,1.535485,1.53429641738617,325.2,0.95,1.4693,1.60879,NA,NA,NA,NA,NA,NA,NA
"pred[695]",1.66334072,1.662285,1.66299921643852,500,0.95,1.59745,1.72235,NA,NA,NA,NA,NA,NA,NA
"pred[696]",2.10167398,2.101145,2.09281993268206,432.8,0.95,2.01791,2.19804,NA,NA,NA,NA,NA,NA,NA
"pred[697]",0.421064644,0.4185975,0.415883145853489,264.7,0.95,0.328797,0.517078,NA,NA,NA,NA,NA,NA,NA
"pred[698]",1.17464192,1.17627,1.17811226378582,233.4,0.95,1.0872,1.24649,NA,NA,NA,NA,NA,NA,NA
"pred[699]",2.57717006,2.577605,2.56709103316942,163.3,0.95,2.4944,2.6452,NA,NA,NA,NA,NA,NA,NA
"pred[700]",0.372590466,0.3751545,0.383041373087143,415.1,0.95,0.281342,0.470372,NA,NA,NA,NA,NA,NA,NA
"pred[701]",0.44819066,0.447606,0.447931246186735,184.7,0.95,0.387088,0.509446,NA,NA,NA,NA,NA,NA,NA
"pred[702]",1.34657298,1.34724,1.34735423260022,500,0.95,1.24865,1.42123,NA,NA,NA,NA,NA,NA,NA
"pred[703]",1.71426706,1.714975,1.71809317908855,293.8,0.95,1.65312,1.78275,NA,NA,NA,NA,NA,NA,NA
"pred[704]",0.969562916,0.9693575,0.970592646635172,398.3,0.95,0.89399,1.03975,NA,NA,NA,NA,NA,NA,NA
"pred[705]",0.577924842,0.5789105,0.57857145327568,236,0.95,0.50769,0.627852,NA,NA,NA,NA,NA,NA,NA
"pred[706]",1.10754107,1.109515,1.12491697359419,358.4,0.95,1.01454,1.20597,NA,NA,NA,NA,NA,NA,NA
"pred[707]",2.09890928,2.10043,2.10011525046104,296.9,0.95,2.00005,2.20223,NA,NA,NA,NA,NA,NA,NA
"pred[708]",0.98585541,0.9841115,0.980453255711059,398.3,0.95,0.890782,1.10385,NA,NA,NA,NA,NA,NA,NA
"pred[709]",0.34744824,0.3478755,0.349080903876754,429.4,0.95,0.282728,0.410111,NA,NA,NA,NA,NA,NA,NA
"pred[710]",1.6404073,1.641155,1.65487747857441,372.6,0.95,1.54496,1.74437,NA,NA,NA,NA,NA,NA,NA
"pred[711]",1.31427774,1.311025,1.3050531167574,500,0.95,1.20272,1.43223,NA,NA,NA,NA,NA,NA,NA
"pred[712]",2.48663978,2.486745,2.48816730175924,362.8,0.95,2.39769,2.578,NA,NA,NA,NA,NA,NA,NA
"pred[713]",0.828387102,0.830233,0.832663657600731,38.1,0.95,0.757703,0.904977,NA,NA,NA,NA,NA,NA,NA
"pred[714]",1.43195062,1.432125,1.4329973820504,500,0.95,1.37329,1.49741,NA,NA,NA,NA,NA,NA,NA
"pred[715]",2.18928218,2.188505,2.17277410144095,222.7,0.95,2.12003,2.26682,NA,NA,NA,NA,NA,NA,NA
"pred[716]",1.51356278,1.513155,1.51191770956755,192,0.95,1.43234,1.601,NA,NA,NA,NA,NA,NA,NA
"pred[717]",0.977620354,0.976304,0.972694073874144,334.1,0.95,0.909576,1.04149,NA,NA,NA,NA,NA,NA,NA
"pred[718]",1.82929084,1.829045,1.82962784954785,412.8,0.95,1.76314,1.90886,NA,NA,NA,NA,NA,NA,NA
"pred[719]",2.69224918,2.691135,2.69932106854618,379.6,0.95,2.54349,2.83943,NA,NA,NA,NA,NA,NA,NA
"pred[720]",1.57135096,1.56953,1.5649214409132,500,0.95,1.52142,1.63961,NA,NA,NA,NA,NA,NA,NA
"pred[721]",0.387936764,0.390407,0.397625126746884,213.9,0.95,0.30691,0.467201,NA,NA,NA,NA,NA,NA,NA
"pred[722]",2.51631332,2.518045,2.52169956574209,167.3,0.95,2.3693,2.6139,NA,NA,NA,NA,NA,NA,NA
"pred[723]",1.69775788,1.698265,1.6839489094924,309.6,0.95,1.63044,1.7789,NA,NA,NA,NA,NA,NA,NA
"pred[724]",1.175008712,1.176315,1.18280388942279,83.7,0.95,1.08289,1.26834,NA,NA,NA,NA,NA,NA,NA
"pred[725]",0.1901067508,0.192211,0.1947566126632,75.8,0.95,0.109691,0.25038,NA,NA,NA,NA,NA,NA,NA
"pred[726]",1.6702893,1.66853,1.66575018283236,500,0.95,1.60811,1.7257,NA,NA,NA,NA,NA,NA,NA
"pred[727]",1.92252302,1.923175,1.93095970789525,24.7,0.95,1.80586,2.02838,NA,NA,NA,NA,NA,NA,NA
"pred[728]",2.27798764,2.2784,2.28998036966105,500,0.95,2.21075,2.35858,NA,NA,NA,NA,NA,NA,NA
"pred[729]",0.041166879152,0.0362973,0.0188800830564141,339.4,0.95,-0.0584849,0.148818,NA,NA,NA,NA,NA,NA,NA
"pred[730]",2.34676692,2.34839,2.35795195149411,405.6,0.95,2.20886,2.46684,NA,NA,NA,NA,NA,NA,NA
"pred[731]",1.95649646,1.957015,1.96410639801358,208,0.95,1.90309,2.0125,NA,NA,NA,NA,NA,NA,NA
"pred[732]",1.75722742,1.75489,1.7389969461052,500,0.95,1.68246,1.83363,NA,NA,NA,NA,NA,NA,NA
"pred[733]",-0.3744604788,-0.377171,-0.378881303947537,28.9,0.95,-0.523243,-0.214232,NA,NA,NA,NA,NA,NA,NA
"pred[734]",1.66338364,1.66264,1.65903386009354,500,0.95,1.58765,1.74234,NA,NA,NA,NA,NA,NA,NA
"pred[735]",2.29779662,2.298705,2.28090140190221,432.3,0.95,2.19546,2.38215,NA,NA,NA,NA,NA,NA,NA
"pred[736]",1.85224354,1.85197,1.85332268336069,192.9,0.95,1.73006,1.96431,NA,NA,NA,NA,NA,NA,NA
"pred[737]",0.07425680634,0.0739287,0.0835315010913446,500,0.95,0.0125461,0.141963,NA,NA,NA,NA,NA,NA,NA
"pred[738]",2.20377198,2.203135,2.19788145817854,414.8,0.95,2.11865,2.3011,NA,NA,NA,NA,NA,NA,NA
"pred[739]",1.93107708,1.931295,1.93292047348341,191.7,0.95,1.85924,1.99886,NA,NA,NA,NA,NA,NA,NA
"pred[740]",2.12717846,2.127405,2.12859809242601,500,0.95,2.04537,2.19915,NA,NA,NA,NA,NA,NA,NA
"pred[741]",-0.346620446,-0.345767,-0.342308942556161,357,0.95,-0.417824,-0.278653,NA,NA,NA,NA,NA,NA,NA
"pred[742]",1.25422314,1.254825,1.26483049547649,158.8,0.95,1.17036,1.34696,NA,NA,NA,NA,NA,NA,NA
"pred[743]",1.28191454,1.282115,1.27395287482109,23.7,0.95,1.16301,1.4013,NA,NA,NA,NA,NA,NA,NA
"pred[744]",1.356809,1.35574,1.35541016479042,285.9,0.95,1.29763,1.41277,NA,NA,NA,NA,NA,NA,NA
"pred[745]",0.530827654,0.5303245,0.528935749507341,500,0.95,0.462182,0.59154,NA,NA,NA,NA,NA,NA,NA
"pred[746]",1.75522044,1.753305,1.75228076117096,348.5,0.95,1.66013,1.82963,NA,NA,NA,NA,NA,NA,NA
"pred[747]",2.2265452,2.22617,2.2305006546108,176.8,0.95,2.14618,2.29954,NA,NA,NA,NA,NA,NA,NA
"pred[748]",1.91755728,1.916755,1.91238919266423,312.5,0.95,1.84571,1.97549,NA,NA,NA,NA,NA,NA,NA
"pred[749]",1.3303922,1.328635,1.32226060565793,289.8,0.95,1.24447,1.41811,NA,NA,NA,NA,NA,NA,NA
"pred[750]",0.747167058,0.7476595,0.748622742412638,206.2,0.95,0.679673,0.804681,NA,NA,NA,NA,NA,NA,NA
"pred[751]",2.75522396,2.755125,2.75181538605062,194.6,0.95,2.6491,2.87371,NA,NA,NA,NA,NA,NA,NA
"pred[752]",1.90202772,1.9035,1.90722334735755,34.5,0.95,1.80229,1.98879,NA,NA,NA,NA,NA,NA,NA
"pred[753]",0.412278956,0.410975,0.412154517984447,131.8,0.95,0.336715,0.47665,NA,NA,NA,NA,NA,NA,NA
"pred[754]",2.20248052,2.20121,2.18268414269236,259,0.95,2.12555,2.27643,NA,NA,NA,NA,NA,NA,NA
"pred[755]",1.74999984,1.747125,1.73825499047589,280,0.95,1.66554,1.84235,NA,NA,NA,NA,NA,NA,NA
"pred[756]",2.00722366,2.007395,2.00079753462414,32.5,0.95,1.8929,2.12796,NA,NA,NA,NA,NA,NA,NA
"pred[757]",0.80600954,0.807311,0.819113652085571,379,0.95,0.730296,0.881886,NA,NA,NA,NA,NA,NA,NA
"pred[758]",1.79939978,1.80019,1.81303232334287,395.7,0.95,1.6628,1.93053,NA,NA,NA,NA,NA,NA,NA
"pred[759]",2.48816474,2.485955,2.48319968704685,433.7,0.95,2.41768,2.56232,NA,NA,NA,NA,NA,NA,NA
"pred[760]",1.71665176,1.71691,1.72189624252588,379.6,0.95,1.64061,1.79703,NA,NA,NA,NA,NA,NA,NA
"pred[761]",-0.005963689945256,-0.005135675,-0.00380178723861527,123.8,0.95,-0.0650082,0.0529042,NA,NA,NA,NA,NA,NA,NA
"pred[762]",2.11961828,2.1217,2.12381615403086,164.2,0.95,2.04593,2.18955,NA,NA,NA,NA,NA,NA,NA
"pred[763]",1.40713964,1.40718,1.40418811588474,94.1,0.95,1.33946,1.48005,NA,NA,NA,NA,NA,NA,NA
"pred[764]",0.920919,0.9226485,0.928130190614075,56,0.95,0.843678,0.998535,NA,NA,NA,NA,NA,NA,NA
"pred[765]",0.566280186,0.565854,0.5646220913197,166.2,0.95,0.489251,0.63948,NA,NA,NA,NA,NA,NA,NA
"pred[766]",2.58954766,2.591815,2.59786620952684,45.4,0.95,2.47125,2.71522,NA,NA,NA,NA,NA,NA,NA
"pred[767]",0.878898946,0.8786885,0.877355278215445,224.1,0.95,0.805246,0.963581,NA,NA,NA,NA,NA,NA,NA
"pred[768]",0.757828478,0.759508,0.768214867317575,431.6,0.95,0.676871,0.825797,NA,NA,NA,NA,NA,NA,NA
"pred[769]",0.738723624,0.73673,0.730421399775439,500,0.95,0.684581,0.79145,NA,NA,NA,NA,NA,NA,NA
"pred[770]",2.59996506,2.60237,2.61019999039812,17.7,0.95,2.38851,2.81197,NA,NA,NA,NA,NA,NA,NA
"pred[771]",1.46360156,1.46498,1.46907531232912,235.8,0.95,1.39791,1.54416,NA,NA,NA,NA,NA,NA,NA
"pred[772]",2.60594024,2.606045,2.60584318824731,138.1,0.95,2.51566,2.71055,NA,NA,NA,NA,NA,NA,NA
"pred[773]",0.102131967912,0.1018685,0.0998150223598732,118.7,0.95,0.0351944,0.162824,NA,NA,NA,NA,NA,NA,NA
"pred[774]",2.67469208,2.675525,2.67330024041629,416,0.95,2.58699,2.75823,NA,NA,NA,NA,NA,NA,NA
"pred[775]",0.655706006,0.657458,0.669071952283002,500,0.95,0.58744,0.726817,NA,NA,NA,NA,NA,NA,NA
"pred[776]",2.57195856,2.574435,2.58331381481133,382.5,0.95,2.45405,2.68375,NA,NA,NA,NA,NA,NA,NA
"pred[777]",0.455305702,0.456415,0.442918316785051,120.9,0.95,0.382344,0.521122,NA,NA,NA,NA,NA,NA,NA
"pred[778]",2.12496084,2.127505,2.13982163839911,340.1,0.95,2.02928,2.20964,NA,NA,NA,NA,NA,NA,NA
"pred[779]",1.94517688,1.945895,1.94887732195587,375.6,0.95,1.87127,2.01276,NA,NA,NA,NA,NA,NA,NA
"pred[780]",1.8280253,1.82747,1.83085831259564,429.5,0.95,1.74034,1.8955,NA,NA,NA,NA,NA,NA,NA
"pred[781]",-0.33892171,-0.342566,-0.346771975645596,30.4,0.95,-0.489084,-0.177476,NA,NA,NA,NA,NA,NA,NA
"pred[782]",2.64852904,2.650035,2.63997992771927,391.9,0.95,2.55703,2.73642,NA,NA,NA,NA,NA,NA,NA
"pred[783]",1.31693616,1.31766,1.32388381912465,254.5,0.95,1.23978,1.40263,NA,NA,NA,NA,NA,NA,NA
"pred[784]",1.80350248,1.801425,1.78649964875562,140.4,0.95,1.7062,1.91215,NA,NA,NA,NA,NA,NA,NA
"pred[785]",0.27473292,0.274613,0.277576059791077,500,0.95,0.186246,0.361693,NA,NA,NA,NA,NA,NA,NA
"pred[786]",1.76210234,1.76565,1.77023128434971,55.3,0.95,1.63525,1.87205,NA,NA,NA,NA,NA,NA,NA
"pred[787]",1.68435664,1.68246,1.67883498648072,112.6,0.95,1.62192,1.75111,NA,NA,NA,NA,NA,NA,NA
"pred[788]",1.96077482,1.960955,1.96391317760002,184.7,0.95,1.85819,2.05864,NA,NA,NA,NA,NA,NA,NA
"pred[789]",0.324474708,0.3247475,0.325460869551873,500,0.95,0.269942,0.37325,NA,NA,NA,NA,NA,NA,NA
"pred[790]",2.39373256,2.392445,2.38918255060258,399.8,0.95,2.31497,2.48985,NA,NA,NA,NA,NA,NA,NA
"pred[791]",1.6244245,1.622175,1.6198580174161,500,0.95,1.54077,1.71502,NA,NA,NA,NA,NA,NA,NA
"pred[792]",1.98510324,1.98667,1.9946392845801,90.2,0.95,1.88603,2.10265,NA,NA,NA,NA,NA,NA,NA
